Compañia,Linea de producto,Año,Ingresos soles
Claro,Público,2013,10690680
Claro,Larga distancia,2013,12285877
Claro,Otros,2013,85336817
Claro,Linea fija,2013,107044890
Claro,CableTV,2013,119579263
Claro,Data,2013,129783150
Claro,Internet,2013,171809964
Claro,Interconexión,2013,451196666
Claro,Equipos,2013,602707188
Claro,Móvil,2013,3231865503
Otros,Público,2013,573
Otros,Equipos,2013,37934
Otros,Interconexión,2013,1126238
Otros,Otros,2013,3259053
Otros,Data,2013,5866152
Otros,Linea fija,2013,18446334
Otros,Larga distancia,2013,43504830
Otros,Internet,2013,47606796
Otros,Equipos,2013,64119
Otros,Data,2013,14667271
Otros,Data,2013,12992458
Otros,CableTV,2013,23462078
Otros,Equipos,2013,46589
Otros,Internet,2013,14735641
Otros,Linea fija,2013,26634419
Otros,Otros,2013,34639637
Otros,Larga distancia,2013,52958007
Otros,Equipos,2013,340818
Otros,Interconexión,2013,839444
Otros,Linea fija,2013,1671567
Otros,Larga distancia,2013,8110516
DirectTV,Equipos,2013,441324
DirectTV,CableTV,2013,190055140
Entel,Público,2013,185
Entel,Linea fija,2013,460362
Entel,Internet,2013,14218785
Entel,Interconexión,2013,51597006
Entel,Otros,2013,63866079
Entel,Equipos,2013,86143176
Entel,Móvil,2013,608200298
Otros,Interconexión,2013,18699
Otros,Larga distancia,2013,4021824
Otros,Linea fija,2013,5138986
Otros,Internet,2013,5232000
Otros,Otros,2013,7111000
Otros,Data,2013,9291000
Otros,Público,2013,13745490
Otros,Equipos,2013,15143000
Otros,Otros,2013,84611
Otros,Larga distancia,2013,1246746
Otros,Linea fija,2013,1825762
Otros,Larga distancia,2013,24345881
Otros,Equipos,2013,4255
Otros,Interconexión,2013,36723
Otros,Data,2013,188218
Otros,Linea fija,2013,438673
Otros,Otros,2013,720958
Otros,Larga distancia,2013,1693291
Otros,Otros,2013,31445641
Otros,Internet,2013,335652
Otros,CableTV,2013,831840
Otros,Otros,2013,5803204
Otros,Internet,2013,17859617
Otros,Equipos,2013,1536867
Otros,Móvil,2013,9706606
Movistar,Larga distancia,2013,111783000
Movistar,Otros,2013,160052000
Movistar,Interconexión,2013,302327000
Movistar,Público,2013,412739000
Movistar,Data,2013,573606000
Movistar,Equipos,2013,574764000
Movistar,CableTV,2013,679530000
Movistar,Linea fija,2013,832602000
Movistar,Internet,2013,1306055000
Movistar,Móvil,2013,3876234000
Otros,Linea fija,2013,937175
Otros,CableTV,2013,1666431
Otros,Data,2013,87518
Otros,Equipos,2013,358645
Otros,Internet,2013,4057876
Otros,Otros,2013,36412
Otros,Internet,2013,405169
Otros,Data,2013,485140
Otros,Público,2013,58801
Otros,Internet,2013,334447
Otros,Linea fija,2013,1270146
Claro,Público,2014,8848454
Claro,Larga distancia,2014,12536394
Claro,Otros,2014,80208287
Claro,Linea fija,2014,119142207
Claro,Data,2014,146716289
Claro,CableTV,2014,150536141
Claro,Internet,2014,241389343
Claro,Interconexión,2014,466934200
Claro,Equipos,2014,692638499
Claro,Móvil,2014,3516893188
Otros,Público,2014,1013
Otros,Equipos,2014,86464
Otros,Interconexión,2014,1439601
Otros,Otros,2014,5645962
Otros,Data,2014,8264989
Otros,Linea fija,2014,20501527
Otros,Larga distancia,2014,43911509
Otros,Internet,2014,61283935
Otros,Equipos,2014,1901
Otros,Data,2014,21114335
Otros,Data,2014,15199614
Otros,CableTV,2014,24108168
Otros,Internet,2014,19028789
Otros,Linea fija,2014,28247205
Otros,Otros,2014,43581007
Otros,Larga distancia,2014,44463316
Otros,Otros,2014,224134
Otros,Interconexión,2014,924395
Otros,Linea fija,2014,1368268
Otros,Larga distancia,2014,2496743
Otros,Data,2014,7821461
DirectTV,CableTV,2014,242060271
Entel,Público,2014,19
Entel,Linea fija,2014,126879
Entel,Internet,2014,3916268
Entel,Otros,2014,54359649
Entel,Interconexión,2014,62909866
Entel,Equipos,2014,101758862
Entel,Móvil,2014,542685048
Otros,Interconexión,2014,89765
Otros,Larga distancia,2014,3177096
Otros,Equipos,2014,4618063
Otros,Linea fija,2014,4896680
Otros,Internet,2014,5123297
Otros,Data,2014,10431089
Otros,Público,2014,12071352
Otros,Otros,2014,12452024
Otros,Larga distancia,2014,19188670
Otros,Equipos,2014,1833
Otros,Otros,2014,39737
Otros,Data,2014,64895
Otros,Internet,2014,122700
Otros,Linea fija,2014,258863
Otros,Larga distancia,2014,2678476
Otros,Otros,2014,42614932
Otros,Otros,2014,235474
Otros,Linea fija,2014,678521
Otros,Internet,2014,1884864
Otros,Larga distancia,2014,7940450
Otros,Otros,2014,5678799
Otros,Internet,2014,35610839
Otros,Interconexión,2014,832
Otros,Equipos,2014,1125366
Otros,Linea fija,2014,1617359
Otros,Otros,2014,11784279
Otros,Internet,2014,33470592
Otros,Internet,2014,46780
Otros,CableTV,2014,3559090
Otros,Público,2014,32121
Otros,Linea fija,2014,79635
Otros,Internet,2014,201528
Otros,Equipos,2014,247992
Otros,CableTV,2014,11058819
Otros,Equipos,2014,2164424
Otros,Móvil,2014,12696822
Movistar,Larga distancia,2014,111733000
Movistar,Otros,2014,250479000
Movistar,Público,2014,325787000
Movistar,Interconexión,2014,336349000
Movistar,Equipos,2014,624881000
Movistar,Data,2014,627362000
Movistar,CableTV,2014,722264000
Movistar,Linea fija,2014,755716000
Movistar,Internet,2014,1420347000
Movistar,Móvil,2014,4357909000
Otros,Equipos,2014,716
Otros,Internet,2014,3660
Otros,Linea fija,2014,41509
Otros,Público,2014,72189
Otros,Otros,2014,81765
Bitel,Data,2014,98126
Bitel,Interconexión,2014,3314126
Bitel,Móvil,2014,14699910
Bitel,Equipos,2014,18355717
Otros,CableTV,2014,1978200
Otros,Otros,2014,21911
Otros,Data,2014,394745
Otros,Equipos,2014,1594459
Otros,Internet,2014,5403676
Otros,Internet,2014,389026
Otros,Data,2014,560958
Otros,Público,2014,60876
Otros,Internet,2014,152889
Otros,Data,2014,426923
Otros,Linea fija,2014,788858
Otros,Internet,2014,21487
Otros,Linea fija,2014,124753
Otros,Equipos,2014,192027
Otros,Otros,2014,2399191
Otros,Data,2014,8108038
Otros,CableTV,2015,57430
Otros,Internet,2015,87104
Otros,CableTV,2015,789672
Claro,Público,2015,8907983
Claro,Larga distancia,2015,11519043
Claro,Otros,2015,79001615
Claro,Linea fija,2015,121446970
Claro,Data,2015,165718117
Claro,CableTV,2015,166515522
Claro,Internet,2015,285304118
Claro,Interconexión,2015,365099892
Claro,Equipos,2015,808856406
Claro,Móvil,2015,3444152820
Otros,Público,2015,3221
Otros,Equipos,2015,141737
Otros,Interconexión,2015,1508601
Otros,Otros,2015,7605386
Otros,Data,2015,11558092
Otros,Linea fija,2015,21440425
Otros,Larga distancia,2015,40070256
Otros,Internet,2015,59730282
Otros,Otros,2015,14695
Otros,Internet,2015,172878
Otros,CableTV,2015,30042
Otros,CableTV,2015,1113082
Otros,Equipos,2015,31724
Otros,Público,2015,279199
Otros,Linea fija,2015,550366
Otros,CableTV,2015,151477
Otros,Equipos,2015,403122
Otros,Data,2015,21073659
Otros,CableTV,2015,9319
Otros,Internet,2015,403774
Otros,Data,2015,10861749
Otros,CableTV,2015,692483
Otros,CableTV,2015,59261
Otros,CableTV,2015,1891482
Otros,CableTV,2015,1967589
Otros,CableTV,2015,436529
Otros,CableTV,2015,60288
Otros,CableTV,2015,175422
Otros,CableTV,2015,528912
Otros,CableTV,2015,956723
Otros,CableTV,2015,283180
Otros,CableTV,2015,1124034
Otros,CableTV,2015,395237
Otros,CableTV,2015,2189768
Otros,Móvil,2015,29985
Otros,Equipos,2015,40457
Otros,Internet,2015,49067
Otros,CableTV,2015,30983843
Otros,CableTV,2015,166445
Otros,CableTV,2015,88277
Otros,Linea fija,2015,17820213
Otros,Internet,2015,28900988
Otros,Larga distancia,2015,50769219
Otros,Data,2015,72645470
Otros,CableTV,2015,49990
Otros,Equipos,2015,305908
Otros,Data,2015,988034
Otros,Linea fija,2015,28550
Otros,Equipos,2015,52509
Otros,Data,2015,77969
Otros,Otros,2015,105764
Otros,Internet,2015,2208459
Otros,Larga distancia,2015,556
Otros,Linea fija,2015,2559
Otros,Otros,2015,9924
Otros,CableTV,2015,943797
Otros,Internet,2015,21372
Otros,CableTV,2015,934236
Otros,CableTV,2015,3101984
Otros,CableTV,2015,99495
Otros,Linea fija,2015,147
Otros,Internet,2015,16339
Otros,Data,2015,14072
Otros,Equipos,2015,30136
Otros,Otros,2015,202734
Otros,Interconexión,2015,457571
Otros,Linea fija,2015,1226169
Otros,Larga distancia,2015,1768291
Otros,Data,2015,9125869
Otros,CableTV,2015,125554
Otros,Internet,2015,106920
Otros,CableTV,2015,529527
DirectTV,Otros,2015,1580129
DirectTV,Equipos,2015,5686538
DirectTV,CableTV,2015,242012690
Otros,CableTV,2015,1530205
Otros,Equipos,2015,2292921
Otros,Móvil,2015,7315835
Otros,CableTV,2015,36562
Otros,CableTV,2015,1650570
Otros,CableTV,2015,4034455
Entel,Internet,2015,15406
Entel,Linea fija,2015,37321
Entel,Data,2015,54924
Entel,Otros,2015,1246495
Entel,Interconexión,2015,113893318
Entel,Equipos,2015,213171992
Entel,Móvil,2015,825536543
Otros,Equipos,2015,1505177
Otros,Data,2015,7379566
Otros,CableTV,2015,65020
Otros,CableTV,2015,83209
Otros,Interconexión,2015,109417
Otros,Equipos,2015,266265
Otros,Larga distancia,2015,1602028
Otros,Otros,2015,3537620
Otros,Linea fija,2015,3580778
Otros,Público,2015,9070758
Otros,Internet,2015,16109081
Otros,Equipos,2015,279438
Otros,Data,2015,582218
Otros,Otros,2015,1002949
Otros,Internet,2015,10458395
Otros,CableTV,2015,35593
Otros,CableTV,2015,84981
Otros,CableTV,2015,804747
Otros,Otros,2015,155032
Otros,CableTV,2015,3475324
Otros,Larga distancia,2015,4966593
Otros,Larga distancia,2015,13014715
Otros,Data,2015,11904
Otros,Equipos,2015,15416
Otros,Internet,2015,167925
Otros,Linea fija,2015,296405
Otros,Larga distancia,2015,1803176
Otros,Otros,2015,53923320
Otros,CableTV,2015,471733
Otros,CableTV,2015,70378
Otros,Interconexión,2015,346156
Otros,Linea fija,2015,556201
Otros,CableTV,2015,371795
Otros,CableTV,2015,136231
Otros,CableTV,2015,73325
Otros,CableTV,2015,47929
Otros,CableTV,2015,8945
Otros,CableTV,2015,963147
Otros,Equipos,2015,8066
Otros,Interconexión,2015,8067
Otros,Otros,2015,21318
Otros,Linea fija,2015,60367
Otros,Internet,2015,866710
Otros,CableTV,2015,1828096
Otros,CableTV,2015,1657179
Otros,Público,2015,157279
Otros,Linea fija,2015,603498
Otros,Data,2015,5121167
Otros,Larga distancia,2015,8341050
Otros,Data,2015,6079005
Otros,Otros,2015,5372451
Otros,Equipos,2015,6239960
Otros,Móvil,2015,21362807
Otros,Internet,2015,21602234
Otros,CableTV,2015,954583
Otros,CableTV,2015,766
Otros,Otros,2015,2178
Otros,Data,2015,43456
Otros,Internet,2015,386369
Otros,Equipos,2015,1099942
Otros,Linea fija,2015,687020
Otros,Larga distancia,2015,5107445
Otros,Data,2015,10060471
Otros,Otros,2015,12720729
Otros,Internet,2015,51409354
Otros,CableTV,2015,150769
Otros,CableTV,2015,37010
Otros,Internet,2015,60696
Otros,CableTV,2015,3433752
Otros,CableTV,2015,990268
Otros,Público,2015,1100555
Otros,CableTV,2015,293617
Otros,CableTV,2015,1923033
Otros,CableTV,2015,156390
Otros,CableTV,2015,34900
Otros,Linea fija,2015,2869
Otros,Equipos,2015,34650
Otros,Internet,2015,58686
Otros,Otros,2015,98851
Otros,CableTV,2015,824684
Otros,CableTV,2015,87970
Otros,CableTV,2015,58432
Otros,CableTV,2015,12111762
Otros,Otros,2015,3483898
Otros,Móvil,2015,14459925
Otros,CableTV,2015,10071
Otros,CableTV,2015,70077
Otros,CableTV,2015,594080
Otros,CableTV,2015,69196
Otros,CableTV,2015,943797
Otros,CableTV,2015,393757
Movistar,Otros,2015,60355240
Movistar,Larga distancia,2015,92658000
Movistar,Público,2015,238800000
Movistar,Interconexión,2015,390579000
Movistar,Equipos,2015,583310000
Movistar,Linea fija,2015,624811000
Movistar,Data,2015,686574000
Movistar,CableTV,2015,945944000
Movistar,Internet,2015,1437675000
Movistar,Móvil,2015,4719637760
Otros,CableTV,2015,94743
Otros,CableTV,2015,3118501
Otros,CableTV,2015,166222
Otros,CableTV,2015,407355
Otros,CableTV,2015,47391
Otros,CableTV,2015,205873
Otros,Equipos,2015,157149
Otros,Internet,2015,351916
Otros,Móvil,2015,486210
Otros,Móvil,2015,4781
Otros,Internet,2015,5884
Otros,Otros,2015,20237
Otros,Público,2015,26203
Otros,Linea fija,2015,43841
Otros,Data,2015,2615634
Otros,Internet,2015,258526
Bitel,Data,2015,3288067
Bitel,Interconexión,2015,35907020
Bitel,Equipos,2015,75004480
Bitel,Móvil,2015,139157070
Otros,CableTV,2015,2082862
Otros,CableTV,2015,301056
Otros,Internet,2015,408770
Otros,Data,2015,526681
Otros,Público,2015,62270
Otros,Interconexión,2015,131130
Otros,Internet,2015,251162
Otros,Linea fija,2015,1787193
Otros,Internet,2015,8919
Otros,Internet,2015,12603
Otros,Linea fija,2015,96085
Otros,Equipos,2015,261376
Otros,Otros,2015,2615905
Otros,Data,2015,8837054
Otros,CableTV,2016,60075
Otros,Internet,2016,79954
Otros,CableTV,2016,1131123
Claro,Público,2016,7376103
Claro,Larga distancia,2016,8655521
Claro,Linea fija,2016,130960220
Claro,Otros,2016,140575842
Claro,Data,2016,156539940
Claro,CableTV,2016,185058624
Claro,Internet,2016,333764289
Claro,Interconexión,2016,412388880
Claro,Equipos,2016,883116261
Claro,Móvil,2016,3188010738
Otros,Público,2016,1555
Otros,Equipos,2016,86714
Otros,Interconexión,2016,1050860
Otros,Otros,2016,12370039
Otros,Data,2016,13081097
Otros,Linea fija,2016,18924185
Otros,Larga distancia,2016,32885104
Otros,Internet,2016,53775446
Otros,CableTV,2016,52710
Otros,Interconexión,2016,53875
Otros,Público,2016,159163
Otros,Linea fija,2016,730328
Otros,CableTV,2016,144693
Otros,Internet,2016,137076
Otros,Equipos,2016,874818
Otros,Data,2016,22223921
Otros,Data,2016,326195
Otros,CableTV,2016,13650
Otros,Internet,2016,1169293
Otros,Data,2016,7679562
Otros,CableTV,2016,453046
Otros,CableTV,2016,114039
Otros,CableTV,2016,1932074
Otros,CableTV,2016,1857737
Otros,Equipos,2016,41164
Otros,CableTV,2016,538674
Otros,CableTV,2016,71090
Otros,CableTV,2016,64841
Otros,CableTV,2016,521232
Otros,CableTV,2016,67080
Otros,Internet,2016,91720
Otros,CableTV,2016,3476922
Otros,CableTV,2016,518575
Otros,CableTV,2016,4790892
Otros,Otros,2016,20176
Otros,CableTV,2016,1000758
Otros,Otros,2016,3814
Otros,CableTV,2016,377858
Otros,Internet,2016,137625
Otros,CableTV,2016,4635041
Otros,Equipos,2016,49498
Otros,Móvil,2016,106704
Otros,Internet,2016,167570
Otros,CableTV,2016,30830258
Otros,CableTV,2016,169546
Otros,CableTV,2016,119664
Otros,Linea fija,2016,19331718
Otros,Internet,2016,31352359
Otros,Larga distancia,2016,55075446
Otros,Data,2016,78807233
Otros,CableTV,2016,50000
Otros,CableTV,2016,312270
Otros,Equipos,2016,892170
Otros,Data,2016,1417077
Otros,Linea fija,2016,1898
Otros,Equipos,2016,31773
Otros,Data,2016,72187
Otros,Otros,2016,186322
Otros,Internet,2016,1239969
Otros,Interconexión,2016,10353
Otros,Linea fija,2016,22962
Otros,Internet,2016,72518
Otros,CableTV,2016,1824522
Otros,CableTV,2016,3180664
Otros,CableTV,2016,114483
Otros,Linea fija,2016,379
Otros,Equipos,2016,98122
Otros,Otros,2016,110714
Otros,Internet,2016,366948
Otros,Equipos,2016,14348
Otros,Data,2016,65955
Otros,Data,2016,82339
Otros,Larga distancia,2016,1179914
Otros,Internet,2016,1204633
Otros,Linea fija,2016,2063953
Otros,Interconexión,2016,7839782
Otros,CableTV,2016,148593
DirectTV,Equipos,2016,49947446
DirectTV,CableTV,2016,220421501
Otros,CableTV,2016,1748075
Otros,Equipos,2016,5106231
Otros,Móvil,2016,7248631
Otros,CableTV,2016,32071
Entel,Internet,2016,913675
Entel,Linea fija,2016,1144760
Entel,Data,2016,1980554
Entel,Otros,2016,5889411
Entel,Interconexión,2016,254795708
Entel,Equipos,2016,268363313
Entel,Móvil,2016,1199205918
Otros,Equipos,2016,1548956
Otros,Data,2016,7217240
Otros,CableTV,2016,78932
Otros,CableTV,2016,81513
Otros,CableTV,2016,25940
Otros,Interconexión,2016,86026
Otros,Larga distancia,2016,980893
Otros,Linea fija,2016,3226391
Otros,Otros,2016,3340936
Otros,Equipos,2016,3352289
Otros,Público,2016,9452234
Otros,Internet,2016,17461038
Otros,Equipos,2016,494009
Otros,Data,2016,1710375
Otros,Otros,2016,2197435
Otros,Internet,2016,8528550
Otros,CableTV,2016,9320
Otros,CableTV,2016,113895
Otros,CableTV,2016,1045936
Otros,Otros,2016,159307
Otros,CableTV,2016,3614875
Otros,Larga distancia,2016,3621546
Otros,Larga distancia,2016,4096345
Otros,Otros,2016,107928
Otros,Interconexión,2016,262683
Otros,Móvil,2016,565390
Otros,CableTV,2016,28526
Otros,Internet,2016,2582460
Otros,Data,2016,17821361
Otros,Otros,2016,40967983
Otros,CableTV,2016,585091
Otros,CableTV,2016,348115
Otros,CableTV,2016,309427
Otros,CableTV,2016,468576
Otros,CableTV,2016,164361
Otros,CableTV,2016,138314
Otros,CableTV,2016,40088
Otros,CableTV,2016,46642
Otros,CableTV,2016,684355
Otros,Internet,2016,151947
Otros,CableTV,2016,1759331
Otros,Público,2016,17845
Otros,Otros,2016,559069
Otros,Linea fija,2016,665044
Otros,Larga distancia,2016,5705915
Otros,Data,2016,11240809
Otros,Equipos,2016,70752
Otros,Otros,2016,71284
Otros,Data,2016,7580276
Otros,Otros,2016,8787312
Otros,Data,2016,302430
Otros,Equipos,2016,3039301
Otros,Móvil,2016,18480720
Otros,Internet,2016,19807530
Otros,Equipos,2016,123089
Otros,CableTV,2016,1050359
Otros,Larga distancia,2016,7779788
Otros,Data,2016,14842349
Otros,Otros,2016,20651653
Otros,Linea fija,2016,22359269
Otros,Internet,2016,70863624
Otros,CableTV,2016,206047
Otros,CableTV,2016,529297
Otros,CableTV,2016,36635
Otros,CableTV,2016,3786288
Otros,CableTV,2016,1238571
Otros,Público,2016,6515719
Otros,Larga distancia,2016,48806
Otros,Otros,2016,3770
Otros,CableTV,2016,1935273
Otros,CableTV,2016,426815
Otros,CableTV,2016,71070
Otros,CableTV,2016,79131
Otros,CableTV,2016,11106314
Otros,Otros,2016,1631246
Otros,Móvil,2016,12377816
Otros,CableTV,2016,81312
Otros,CableTV,2016,98949
Otros,Otros,2016,4314
Otros,CableTV,2016,423005
Otros,CableTV,2016,71976
Otros,CableTV,2016,488369
Movistar,Otros,2016,48217937
Movistar,Larga distancia,2016,65282000
Movistar,Público,2016,174260000
Movistar,Interconexión,2016,510811000
Movistar,Linea fija,2016,580671000
Movistar,Equipos,2016,581321000
Movistar,Data,2016,733651000
Movistar,CableTV,2016,1081254000
Movistar,Internet,2016,1389487000
Movistar,Móvil,2016,4207799063
Otros,CableTV,2016,142677
Otros,CableTV,2016,446404
Otros,CableTV,2016,49486
Otros,Otros,2016,19168
Otros,CableTV,2016,185152
Otros,CableTV,2016,67958
Otros,CableTV,2016,529252
Otros,Equipos,2016,114695
Otros,Internet,2016,400193
Otros,Móvil,2016,498298
Otros,Linea fija,2016,4783
Otros,Móvil,2016,8730
Otros,Internet,2016,14852
Otros,Equipos,2016,17048
Otros,Público,2016,26567
Otros,Data,2016,2790768
Otros,Internet,2016,243193
Bitel,Linea fija,2016,26080
Bitel,Larga distancia,2016,401237
Bitel,Internet,2016,3737946
Bitel,Data,2016,15182463
Bitel,Equipos,2016,81912100
Bitel,Interconexión,2016,135198497
Bitel,Móvil,2016,262032521
Otros,Otros,2016,4551
Otros,CableTV,2016,2136712
Otros,CableTV,2016,326931
Otros,CableTV,2016,41953
Otros,Internet,2016,354945
Otros,Data,2016,895075
Otros,Público,2016,219466
Otros,Internet,2016,508758
Otros,Linea fija,2016,1355601
Otros,Internet,2016,46633
Otros,Internet,2016,3160
Otros,Linea fija,2016,42812
Otros,Equipos,2016,524701
Otros,Otros,2016,2941373
Otros,Data,2016,11030575
Otros,CableTV,2017,60846
Otros,Internet,2017,88003
Otros,CableTV,2017,1328895
Claro,Público,2017,3785459
Claro,Larga distancia,2017,6303504
Claro,Linea fija,2017,132511671
Claro,Data,2017,161439382
Claro,CableTV,2017,184147076
Claro,Internet,2017,350716688
Claro,Otros,2017,426160604
Claro,Interconexión,2017,512153123
Claro,Equipos,2017,748594095
Claro,Móvil,2017,3202812199
Otros,Público,2017,757
Otros,Equipos,2017,176267
Otros,Interconexión,2017,5259165
Otros,Linea fija,2017,14074118
Otros,Otros,2017,17018971
Otros,Data,2017,18929249
Otros,Larga distancia,2017,25693332
Otros,Internet,2017,50426460
Otros,Linea fija,2017,64
Otros,CableTV,2017,106
Otros,Público,2017,578
Otros,Larga distancia,2017,2256
Otros,Internet,2017,72190
Otros,Otros,2017,408684
Otros,CableTV,2017,74290
Otros,CableTV,2017,1001697
Otros,Interconexión,2017,63368
Otros,Público,2017,107076
Otros,Linea fija,2017,909729
Otros,CableTV,2017,148386
Otros,Internet,2017,153493
Otros,Data,2017,21125053
Otros,Internet,2017,10992153
Otros,Data,2017,13979721
Otros,Internet,2017,1263344
Otros,Data,2017,9776503
Otros,Otros,2017,11872763
Otros,CableTV,2017,447579
Otros,CableTV,2017,120621
Otros,CableTV,2017,2243213
Otros,Otros,2017,76599
Otros,CableTV,2017,649263
Otros,CableTV,2017,1988440
Otros,Equipos,2017,23472
Otros,CableTV,2017,751357
Otros,CableTV,2017,53643
Otros,CableTV,2017,551690
Otros,CableTV,2017,57302
Otros,CableTV,2017,648375
Otros,CableTV,2017,67062
Otros,CableTV,2017,1008052
Otros,Otros,2017,238136
Otros,Otros,2017,67638
Otros,Internet,2017,80789
Otros,CableTV,2017,3688727
Otros,Otros,2017,794535
Otros,Otros,2017,273896
Otros,CableTV,2017,10057670
Otros,Otros,2017,521683
Otros,Otros,2017,336271
Otros,Otros,2017,500
Otros,CableTV,2017,789699
Otros,CableTV,2017,442168
Otros,Internet,2017,238453
Otros,CableTV,2017,6813042
Otros,Otros,2017,8230659
Otros,CableTV,2017,28545336
Otros,CableTV,2017,170154
Otros,CableTV,2017,107098
Otros,Otros,2017,279327
Otros,Linea fija,2017,6399101
Otros,Larga distancia,2017,18212825
Otros,Data,2017,23736473
Otros,Internet,2017,102418090
Otros,CableTV,2017,49840
Otros,CableTV,2017,250000
Otros,Equipos,2017,197739
Otros,Data,2017,1571804
Otros,Linea fija,2017,10126
Otros,Data,2017,27487
Otros,Equipos,2017,42990
Otros,Otros,2017,195273
Otros,Internet,2017,1200444
Otros,Otros,2017,8105
Otros,Linea fija,2017,40060
Otros,Internet,2017,86799
Otros,Otros,2017,164153
Otros,CableTV,2017,6947647
Otros,CableTV,2017,3226268
Otros,CableTV,2017,122016
Otros,Equipos,2017,9195
Otros,Data,2017,65363
Otros,Data,2017,165418
Otros,Larga distancia,2017,905360
Otros,Linea fija,2017,2279234
Otros,Internet,2017,2287300
Otros,Interconexión,2017,5250810
Otros,CableTV,2017,86718
Otros,Internet,2017,128430
Otros,CableTV,2017,486401
DirectTV,Otros,2017,6182656
DirectTV,Equipos,2017,68301469
DirectTV,CableTV,2017,221087868
Otros,CableTV,2017,2555754
Otros,Equipos,2017,4668237
Otros,Móvil,2017,7278487
Otros,CableTV,2017,25725
Otros,CableTV,2017,3000
Entel,Linea fija,2017,905092
Entel,Data,2017,3574251
Entel,Internet,2017,40476854
Entel,Otros,2017,46318194
Entel,Interconexión,2017,329861875
Entel,Equipos,2017,424509806
Entel,Móvil,2017,1432586927
Otros,Otros,2017,261257
Otros,Data,2017,7281775
Otros,Linea fija,2017,757630
Otros,Internet,2017,23322597
Otros,Data,2017,27543766
Otros,CableTV,2017,65051
Otros,CableTV,2017,7932
Otros,CableTV,2017,94987
Otros,CableTV,2017,57840
Otros,Interconexión,2017,75252
Otros,Larga distancia,2017,600674
Otros,Equipos,2017,610731
Otros,Otros,2017,2860599
Otros,Linea fija,2017,2897037
Otros,Público,2017,9342516
Otros,Internet,2017,21835026
Otros,Equipos,2017,503244
Otros,Data,2017,1810873
Otros,Otros,2017,2369452
Otros,Internet,2017,8426675
Otros,CableTV,2017,95129
Otros,CableTV,2017,1381265
Otros,Internet,2017,17648
Otros,Otros,2017,188801
Otros,CableTV,2017,1334419
Otros,Otros,2017,173039
Otros,CableTV,2017,3860805
Otros,Otros,2017,1154
Otros,Interconexión,2017,677538
Otros,Móvil,2017,1329348
Otros,Otros,2017,510
Otros,Linea fija,2017,49005
Otros,CableTV,2017,108827
Otros,Internet,2017,2524022
Otros,Data,2017,28754148
Otros,Otros,2017,38278630
Otros,CableTV,2017,159517
Otros,CableTV,2017,504917
Otros,CableTV,2017,355944
Otros,CableTV,2017,552819
Otros,CableTV,2017,7885
Otros,Internet,2017,100943
Otros,Otros,2017,526459
Otros,CableTV,2017,2798536
Otros,CableTV,2017,166971
Otros,CableTV,2017,91520
Otros,CableTV,2017,122103
Otros,Data,2017,1528548
Otros,CableTV,2017,26792
Otros,CableTV,2017,66899
Otros,CableTV,2017,1660031
Otros,Internet,2017,297465
Otros,CableTV,2017,1645423
Otros,Otros,2017,565648
Otros,Equipos,2017,900874
Otros,Linea fija,2017,1048944
Otros,Larga distancia,2017,3494694
Otros,Data,2017,3962285
Otros,Internet,2017,10655520
Otros,Otros,2017,12660844
Otros,Linea fija,2017,1229
Otros,Público,2017,8786
Otros,Otros,2017,239312
Otros,Equipos,2017,2026492
Otros,Internet,2017,9142403
Otros,Móvil,2017,12096491
Otros,Equipos,2017,173654
Otros,CableTV,2017,1494292
Otros,Linea fija,2017,620616
Otros,Larga distancia,2017,9487228
Otros,Otros,2017,15352444
Otros,Data,2017,17904522
Otros,Internet,2017,74360980
Otros,CableTV,2017,206011
Otros,CableTV,2017,345364
Otros,CableTV,2017,36715
Otros,Otros,2017,132744
Otros,CableTV,2017,3588713
Otros,CableTV,2017,1166195
Otros,Público,2017,9280166
Otros,Larga distancia,2017,46999
Otros,Otros,2017,197899
Otros,CableTV,2017,205420
Otros,CableTV,2017,1286552
Otros,Otros,2017,1327057
Otros,CableTV,2017,214589
Otros,Data,2017,6106463
Otros,CableTV,2017,175237
Otros,CableTV,2017,65551
Otros,CableTV,2017,73837
Otros,CableTV,2017,11237009
Otros,Otros,2017,1410064
Otros,Móvil,2017,10651138
Otros,CableTV,2017,105705
Otros,CableTV,2017,86602
Otros,CableTV,2017,57642
Otros,CableTV,2017,5670
Otros,Otros,2017,315
Otros,Internet,2017,8943
Otros,CableTV,2017,29014
Otros,CableTV,2017,2022232
Otros,CableTV,2017,526405
Movistar,Larga distancia,2017,47426626
Movistar,Público,2017,94450185
Movistar,Otros,2017,146710000
Movistar,Linea fija,2017,549588401
Movistar,Data,2017,570407000
Movistar,Interconexión,2017,680399000
Movistar,Equipos,2017,987641000
Movistar,CableTV,2017,1151089115
Movistar,Internet,2017,1326926674
Movistar,Móvil,2017,2886245000
Otros,Otros,2017,2077
Otros,CableTV,2017,94756
Otros,CableTV,2017,193835
Otros,CableTV,2017,482281
Otros,CableTV,2017,57440
Otros,Otros,2017,3322
Otros,Equipos,2017,10543
Otros,CableTV,2017,68911
Otros,CableTV,2017,256017
Otros,CableTV,2017,464775
Otros,CableTV,2017,30570
Otros,Data,2017,2964398
Otros,Internet,2017,52352
Bitel,Otros,2017,80001
Bitel,Linea fija,2017,300041
Bitel,Larga distancia,2017,822069
Bitel,Internet,2017,8637510
Bitel,Data,2017,21750843
Bitel,Equipos,2017,143032411
Bitel,Interconexión,2017,229403144
Bitel,Móvil,2017,462604981
Otros,Otros,2017,4018
Otros,CableTV,2017,2253193
Otros,CableTV,2017,321707
Otros,CableTV,2017,492605
Otros,CableTV,2017,38835
Otros,Público,2017,132010
Otros,Internet,2017,424979
Otros,Linea fija,2017,1251755
Otros,Internet,2017,62147
Otros,Linea fija,2017,19724
Otros,Equipos,2017,176210
Otros,Otros,2017,648951
Otros,Data,2017,2614092
Otros,CableTV,2018,61415
Otros,Internet,2018,93217
Otros,CableTV,2018,1261745
Claro,Público,2018,2757161
Claro,Larga distancia,2018,6750328
Claro,Linea fija,2018,155112266
Claro,Data,2018,168747298
Claro,CableTV,2018,182410819
Claro,Interconexión,2018,326187316
Claro,Internet,2018,331387323
Claro,Otros,2018,737348894
Claro,Equipos,2018,1188746200
Claro,Móvil,2018,2756776164
Otros,Público,2018,191
Otros,Equipos,2018,157311
Otros,Interconexión,2018,4579415
Otros,Linea fija,2018,17056458
Otros,Larga distancia,2018,17229791
Otros,Data,2018,18213021
Otros,Otros,2018,19070697
Otros,Internet,2018,48379115
Otros,Linea fija,2018,64
Otros,CableTV,2018,106
Otros,Público,2018,578
Otros,Larga distancia,2018,2256
Otros,Internet,2018,72190
Otros,Otros,2018,851298
Otros,CableTV,2018,87862
Otros,CableTV,2018,1001697
Otros,Interconexión,2018,70178
Otros,Público,2018,96839
Otros,Linea fija,2018,1003516
Otros,CableTV,2018,159513
Otros,Internet,2018,66434
Otros,Equipos,2018,188700
Otros,Data,2018,22328156
Otros,Internet,2018,17124463
Otros,Data,2018,14322448
Otros,Internet,2018,1227327
Otros,Data,2018,9150337
Otros,Otros,2018,14448424
Otros,CableTV,2018,480838
Otros,CableTV,2018,152020
Otros,CableTV,2018,2463672
Otros,CableTV,2018,544273
Otros,CableTV,2018,1065116
Otros,Equipos,2018,42949
Otros,CableTV,2018,846850
Otros,CableTV,2018,64129
Otros,CableTV,2018,473574
Otros,CableTV,2018,58135
Otros,CableTV,2018,808503
Otros,CableTV,2018,91598
Otros,CableTV,2018,967408
Otros,Internet,2018,1155759
Otros,CableTV,2018,18503221
Otros,Otros,2018,148308
Otros,CableTV,2018,9982438
Otros,CableTV,2018,932574
Otros,CableTV,2018,363267
Otros,CableTV,2018,428917
Otros,Internet,2018,339784
Otros,CableTV,2018,6974195
Otros,Otros,2018,8471106
Otros,CableTV,2018,27313721
Otros,CableTV,2018,182507
Otros,CableTV,2018,147835
Otros,Otros,2018,1668594
Otros,Linea fija,2018,7653065
Otros,Larga distancia,2018,21781800
Otros,Data,2018,34542976
Otros,Internet,2018,124463812
Otros,CableTV,2018,49400
Otros,CableTV,2018,207005
Otros,Equipos,2018,406485
Otros,Data,2018,1606706
Otros,Linea fija,2018,763
Otros,Otros,2018,30706
Otros,Data,2018,40845
Otros,Equipos,2018,47476
Otros,Internet,2018,358262
Otros,Otros,2018,7064
Otros,Linea fija,2018,32023
Otros,Internet,2018,78252
Otros,Otros,2018,109167
Otros,CableTV,2018,7197742
Otros,CableTV,2018,3226268
Otros,CableTV,2018,122968
Otros,Equipos,2018,18229
Otros,Data,2018,65507
Otros,Data,2018,198168
Otros,Larga distancia,2018,609375
Otros,Linea fija,2018,1718789
Otros,Internet,2018,2674765
Otros,Interconexión,2018,4432939
Otros,CableTV,2018,83056
DirectTV,Otros,2018,15782102
DirectTV,Equipos,2018,80736705
DirectTV,CableTV,2018,271307193
Otros,CableTV,2018,2322353
Otros,Equipos,2018,4306026
Otros,Móvil,2018,8759182
Otros,CableTV,2018,9165673
Otros,CableTV,2018,23005
Otros,CableTV,2018,3000
Entel,Linea fija,2018,1142471
Entel,Data,2018,5256286
Entel,Otros,2018,14262252
Entel,Internet,2018,74104838
Entel,Interconexión,2018,192171526
Entel,Equipos,2018,612988835
Entel,Móvil,2018,1546983793
Otros,Data,2018,5662236
Otros,Linea fija,2018,881169
Otros,Data,2018,12988748
Otros,Internet,2018,27529416
Otros,CableTV,2018,1772
Otros,CableTV,2018,47321
Otros,CableTV,2018,354567
Otros,CableTV,2018,7932
Otros,CableTV,2018,162268
Otros,CableTV,2018,57840
Otros,Data,2018,518314
Otros,Otros,2018,1336526
Otros,Equipos,2018,71472
Otros,Interconexión,2018,75001
Otros,Larga distancia,2018,507412
Otros,Otros,2018,609305
Otros,Linea fija,2018,2245601
Otros,Público,2018,5001350
Otros,Internet,2018,21105068
Otros,Linea fija,2018,563859
Otros,Larga distancia,2018,1300061
Otros,Equipos,2018,1360985
Otros,Otros,2018,5363157
Otros,Data,2018,5691969
Otros,Internet,2018,15314724
Otros,CableTV,2018,147415
Otros,CableTV,2018,1252311
Otros,Internet,2018,60698
Otros,Otros,2018,114206
Otros,CableTV,2018,4882788
Otros,Otros,2018,183237
Otros,CableTV,2018,4119237
Otros,Interconexión,2018,63629
Otros,Móvil,2018,725356
Otros,Otros,2018,788834
Otros,Linea fija,2018,227302
Otros,CableTV,2018,152465
Otros,Internet,2018,2956806
Otros,Data,2018,28383553
Otros,Otros,2018,41363314
Otros,CableTV,2018,138823
Otros,CableTV,2018,640567
Otros,CableTV,2018,389175
Otros,CableTV,2018,522969
Otros,CableTV,2018,8490
Otros,Internet,2018,236186
Otros,Otros,2018,237089
Otros,CableTV,2018,6917953
Otros,CableTV,2018,164235
Otros,CableTV,2018,80142
Otros,CableTV,2018,203867
Otros,Data,2018,4638167
Otros,CableTV,2018,39003
Otros,CableTV,2018,53094
Otros,CableTV,2018,1660031
Otros,Internet,2018,964590
Otros,CableTV,2018,1215918
Otros,Equipos,2018,283806
Otros,Linea fija,2018,502669
Otros,Otros,2018,529342
Otros,Larga distancia,2018,1112694
Otros,Data,2018,2155952
Otros,Internet,2018,5352290
Otros,Otros,2018,17428151
Otros,Larga distancia,2018,592
Otros,Internet,2018,4397294
Otros,Móvil,2018,5550706
Otros,Equipos,2018,6418366
Otros,Equipos,2018,200279
Otros,CableTV,2018,1237118
Otros,Linea fija,2018,1591817
Otros,Equipos,2018,4950666
Otros,Larga distancia,2018,7964807
Otros,Otros,2018,17394750
Otros,Data,2018,22836317
Otros,Internet,2018,81690421
Otros,CableTV,2018,248644
Otros,CableTV,2018,38875
Otros,CableTV,2018,3506002
Otros,CableTV,2018,1081047
Otros,Público,2018,16284697
Otros,Larga distancia,2018,47360
Otros,CableTV,2018,176986
Otros,Otros,2018,1561417
Otros,CableTV,2018,1867501
Otros,CableTV,2018,267846
Otros,Data,2018,6106463
Otros,CableTV,2018,106956
Otros,CableTV,2018,64530
Otros,CableTV,2018,74398
Otros,Otros,2018,1384796
Otros,Móvil,2018,10397038
Otros,CableTV,2018,178051
Otros,CableTV,2018,106403
Otros,CableTV,2018,57642
Otros,CableTV,2018,12135
Otros,Otros,2018,36385
Otros,CableTV,2018,118375
Otros,CableTV,2018,2022232
Otros,CableTV,2018,459029
Movistar,Larga distancia,2018,41843999
Movistar,Público,2018,68238352
Movistar,Otros,2018,142417000
Movistar,Interconexión,2018,501105000
Movistar,Linea fija,2018,547996237
Movistar,Data,2018,605903000
Movistar,Equipos,2018,1124064000
Movistar,CableTV,2018,1195907646
Movistar,Internet,2018,1293946766
Movistar,Móvil,2018,2580715000
Otros,CableTV,2018,196761
Otros,CableTV,2018,506514
Otros,CableTV,2018,57440
Otros,CableTV,2018,244526
Otros,CableTV,2018,913374
Otros,CableTV,2018,52440
Otros,Data,2018,3616743
Otros,Internet,2018,52352
Bitel,Larga distancia,2018,73310
Bitel,Linea fija,2018,101789
Bitel,Otros,2018,249322
Bitel,Internet,2018,2426770
Bitel,Data,2018,57589447
Bitel,Equipos,2018,120692290
Bitel,Interconexión,2018,178915955
Bitel,Móvil,2018,698048117
Otros,Otros,2018,3861
Otros,CableTV,2018,2203218
Otros,CableTV,2018,286743
Otros,CableTV,2018,520670
Otros,CableTV,2018,34325
Otros,Linea fija,2018,6205
Otros,Internet,2018,1908950
Otros,Internet,2018,128734
Otros,Público,2018,146556
Otros,Linea fija,2018,487446
Otros,Internet,2018,63619
Otros,Linea fija,2018,58446
Otros,Equipos,2018,207099
Otros,Otros,2018,1561239
Otros,Data,2018,10431646
Otros,CableTV,2019,64302
Otros,Internet,2019,95956
Otros,CableTV,2019,1268682
Claro,Público,2019,1464685
Claro,Larga distancia,2019,5607496
Claro,Linea fija,2019,152170823
Claro,Data,2019,162546449
Claro,Interconexión,2019,174285375
Claro,CableTV,2019,182582601
Claro,Internet,2019,350182580
Claro,Otros,2019,966972347
Claro,Equipos,2019,1431809132
Claro,Móvil,2019,2663221219
Otros,Interconexión,2019,6733023
Otros,Larga distancia,2019,13218476
Otros,Linea fija,2019,14111433
Otros,Otros,2019,22880857
Otros,Data,2019,34695725
Otros,Internet,2019,42476486
Otros,Otros,2019,851298
Otros,CableTV,2019,85010
Otros,Público,2019,61280
Otros,Interconexión,2019,75253
Otros,Linea fija,2019,1059833
Otros,CableTV,2019,187912
Otros,Equipos,2019,184571
Otros,Data,2019,20439474
Otros,Internet,2019,21048301
Otros,Data,2019,12822259
Otros,Otros,2019,57288
Otros,CableTV,2019,24628651
Otros,Equipos,2019,391239
Otros,Internet,2019,924147
Otros,Otros,2019,8052781
Otros,Data,2019,9899738
Otros,CableTV,2019,292409
Otros,CableTV,2019,152020
Otros,CableTV,2019,109528
Otros,CableTV,2019,1385827
Otros,Equipos,2019,1517
Otros,CableTV,2019,716114
Otros,CableTV,2019,76511
Otros,CableTV,2019,1715026
Otros,CableTV,2019,443995
Otros,CableTV,2019,59445
Otros,CableTV,2019,214199
Otros,CableTV,2019,91598
Otros,CableTV,2019,815831
Otros,Internet,2019,1232665
Otros,CableTV,2019,16376838
Otros,CableTV,2019,9215079
Otros,CableTV,2019,647228
Otros,CableTV,2019,1729793
Otros,Otros,2019,29786
Otros,CableTV,2019,376929
Otros,Internet,2019,433369
Otros,CableTV,2019,6844803
Otros,Otros,2019,8153
Otros,CableTV,2019,152517
Otros,CableTV,2019,301877
Otros,CableTV,2019,147835
Otros,Linea fija,2019,13386402
Otros,Data,2019,30077321
Otros,Larga distancia,2019,38099761
Otros,Otros,2019,60229033
Otros,Internet,2019,92201419
Otros,CableTV,2019,49400
Otros,Internet,2019,14784
Otros,CableTV,2019,232325
Otros,Equipos,2019,728089
Otros,Data,2019,6419663
Otros,Equipos,2019,4386
Otros,Otros,2019,10465
Otros,Data,2019,28745
Otros,Internet,2019,121204
Otros,Internet,2019,61855
Otros,CableTV,2019,6662495
Otros,CableTV,2019,3226268
Otros,CableTV,2019,124585
Otros,Equipos,2019,14890
Otros,Data,2019,68936
Otros,Data,2019,313750
Otros,Larga distancia,2019,431805
Otros,Linea fija,2019,1640234
Otros,Internet,2019,2891393
Otros,Interconexión,2019,4911081
Otros,CableTV,2019,44340
Otros,CableTV,2019,61947
DirectTV,Otros,2019,7055599
DirectTV,Equipos,2019,87215914
DirectTV,CableTV,2019,308580488
Otros,CableTV,2019,2128462
Otros,Móvil,2019,8547785
Otros,Equipos,2019,8942264
Otros,Internet,2019,1916245
Otros,Data,2019,3371412
Otros,CableTV,2019,12382226
Otros,CableTV,2019,1457351
Otros,Data,2019,117075
Otros,CableTV,2019,3111060
Otros,CableTV,2019,18485
Otros,CableTV,2019,3000
Entel,Linea fija,2019,997835
Entel,Data,2019,6431221
Entel,Otros,2019,31679227
Entel,Internet,2019,89930610
Entel,Interconexión,2019,93245842
Entel,Equipos,2019,928608437
Entel,Móvil,2019,1602946828
Otros,Data,2019,2229761
Otros,Linea fija,2019,881169
Otros,Data,2019,16756968
Otros,Internet,2019,27227079
Otros,Internet,2019,56186
Otros,CableTV,2019,132517
Otros,CableTV,2019,27180
Otros,CableTV,2019,345568
Otros,Equipos,2019,288124
Otros,Móvil,2019,493709
Otros,CableTV,2019,7932
Otros,CableTV,2019,118928
Otros,Internet,2019,92160
Otros,CableTV,2019,332977
Otros,Otros,2019,1440526
Otros,Data,2019,8870627
Otros,Interconexión,2019,47993
Otros,Equipos,2019,116928
Otros,Larga distancia,2019,323022
Otros,Otros,2019,1532101
Otros,Linea fija,2019,1596250
Otros,Público,2019,2215795
Otros,Internet,2019,19797410
Otros,Linea fija,2019,968166
Otros,Equipos,2019,1416342
Otros,Larga distancia,2019,1893362
Otros,Otros,2019,6164981
Otros,Data,2019,8572405
Otros,Internet,2019,20236657
Otros,Móvil,2019,17418
Otros,CableTV,2019,164762
Otros,CableTV,2019,1252311
Otros,Internet,2019,109166
Otros,CableTV,2019,4210917
Otros,Otros,2019,113132
Otros,CableTV,2019,4111279
Otros,Otros,2019,1298026
Otros,Equipos,2019,2225954
Otros,Internet,2019,3681430
Otros,Larga distancia,2019,6873
Otros,Interconexión,2019,103707
Otros,Móvil,2019,158809
Otros,Otros,2019,3619329
Otros,Data,2019,5647897
Otros,CableTV,2019,181646
Otros,Internet,2019,4640366
Otros,Data,2019,26155778
Otros,Otros,2019,49320772
Otros,CableTV,2019,165107
Otros,CableTV,2019,619662
Otros,CableTV,2019,396491
Otros,CableTV,2019,374315
Otros,CableTV,2019,8490
Otros,Otros,2019,125085
Otros,CableTV,2019,7742868
Otros,CableTV,2019,180350
Otros,CableTV,2019,82380
Otros,CableTV,2019,278480
Otros,Data,2019,3764093
Otros,CableTV,2019,38453
Otros,CableTV,2019,4757650
Otros,CableTV,2019,66895
Otros,Internet,2019,809171
Otros,CableTV,2019,1111087
Otros,Data,2019,132892
Otros,CableTV,2019,713111
Otros,Otros,2019,18308936
Otros,Equipos,2019,2098770
Otros,Móvil,2019,3823408
Otros,Internet,2019,3962198
Otros,Equipos,2019,60139
Otros,CableTV,2019,1207049
Otros,Linea fija,2019,2465160
Otros,Larga distancia,2019,7922909
Otros,Equipos,2019,9035221
Otros,Otros,2019,18872476
Otros,Data,2019,26263038
Otros,Internet,2019,84424621
Otros,CableTV,2019,273405
Otros,CableTV,2019,1271
Otros,Internet,2019,1406865
Otros,CableTV,2019,37575
Otros,Otros,2019,80881
Otros,CableTV,2019,3270759
Otros,CableTV,2019,1188931
Otros,Público,2019,25646207
Otros,Larga distancia,2019,48142
Otros,CableTV,2019,1638743
Otros,CableTV,2019,176986
Otros,Otros,2019,1381452
Otros,CableTV,2019,2330737
Otros,CableTV,2019,701924
Otros,CableTV,2019,92700
Otros,CableTV,2019,34000
Otros,CableTV,2019,66864
Otros,CableTV,2019,73032
Otros,Otros,2019,1187263
Otros,Móvil,2019,10114249
Otros,CableTV,2019,308096
Otros,CableTV,2019,91712
Otros,CableTV,2019,1141608
Otros,CableTV,2019,12135
Otros,CableTV,2019,2884554
Otros,CableTV,2019,178458
Otros,CableTV,2019,2755960
Otros,CableTV,2019,454490
Movistar,Larga distancia,2019,33191785
Movistar,Público,2019,46160106
Movistar,Interconexión,2019,183279218
Movistar,Otros,2019,228165658
Movistar,Linea fija,2019,430692335
Movistar,Data,2019,713309644
Movistar,Equipos,2019,1154525425
Movistar,CableTV,2019,1222446938
Movistar,Internet,2019,1385710112
Movistar,Móvil,2019,2482298913
Movistar,Interconexión,2019,1665917
Movistar,Internet,2019,2501830
Movistar,Otros,2019,23014263
Movistar,Data,2019,44660113
Otros,CableTV,2019,390458
Otros,CableTV,2019,194509
Otros,CableTV,2019,46245
Otros,CableTV,2019,506514
Otros,CableTV,2019,5864700
Otros,CableTV,2019,350419
Otros,CableTV,2019,913374
Otros,Otros,2019,261351
Otros,Data,2019,2049755
Otros,CableTV,2019,52440
Otros,Data,2019,23867
Otros,Data,2019,3452668
Bitel,Linea fija,2019,59158
Bitel,Larga distancia,2019,340330
Bitel,Internet,2019,3626910
Bitel,Otros,2019,22015796
Bitel,Data,2019,86069837
Bitel,Equipos,2019,102814561
Bitel,Interconexión,2019,128738687
Bitel,Móvil,2019,859124525
Otros,Otros,2019,3485
Otros,CableTV,2019,2183122
Otros,CableTV,2019,250535
Otros,CableTV,2019,537176
Otros,CableTV,2019,671817
Otros,CableTV,2019,27130
Otros,Linea fija,2019,14157
Otros,Internet,2019,5497533
Otros,Internet,2019,6683
Otros,Público,2019,145113
Otros,Linea fija,2019,361719
Otros,Internet,2019,74786
Otros,Linea fija,2019,52415
Otros,Equipos,2019,248531
Otros,Otros,2019,1263290
Otros,Data,2019,9479838
Otros,CableTV,2020,39119
Otros,Internet,2020,84930
Otros,CableTV,2020,841520
Claro,Público,2020,991524
Claro,Larga distancia,2020,3493115
Claro,Data,2020,128047455
Claro,Linea fija,2020,142319444
Claro,Interconexión,2020,147655338
Claro,CableTV,2020,182139677
Claro,Otros,2020,240567499
Claro,Internet,2020,480049611
Claro,Equipos,2020,1097187862
Claro,Móvil,2020,2800053926
Otros,Interconexión,2020,4404624
Otros,Larga distancia,2020,6107417
Otros,Linea fija,2020,10770286
Otros,Data,2020,20074127
Otros,Otros,2020,26199571
Otros,Internet,2020,36186976
Otros,CableTV,2020,64232
Otros,Público,2020,12732
Otros,Equipos,2020,18231
Otros,Interconexión,2020,116781
Otros,Linea fija,2020,1057006
Otros,CableTV,2020,153811
Otros,Internet,2020,100186
Otros,Equipos,2020,108017
Otros,Data,2020,19600568
Otros,Internet,2020,17634270
Otros,Data,2020,15161958
Otros,Internet,2020,256041
Otros,CableTV,2020,21043330
Otros,Internet,2020,837411
Otros,Otros,2020,7665048
Otros,Data,2020,8063415
Otros,CableTV,2020,254670
Otros,CableTV,2020,165754
Otros,CableTV,2020,72751
Otros,Equipos,2020,33543
Otros,CableTV,2020,808169
Otros,CableTV,2020,1464416
Otros,CableTV,2020,432033
Otros,CableTV,2020,50655
Otros,CableTV,2020,221782
Otros,CableTV,2020,720550
Otros,Internet,2020,1229356
Otros,CableTV,2020,14287744
Otros,CableTV,2020,8335503
Otros,CableTV,2020,1596342
Otros,CableTV,2020,327638
Otros,Internet,2020,461409
Otros,CableTV,2020,6086828
Otros,CableTV,2020,44822
Otros,Linea fija,2020,23528076
Otros,Data,2020,25115508
Otros,Otros,2020,63618305
Otros,Larga distancia,2020,66964523
Otros,Internet,2020,76464047
Otros,CableTV,2020,28680
Otros,Internet,2020,90374
Otros,CableTV,2020,218325
Otros,Equipos,2020,409473
Otros,Data,2020,5779381
Otros,CableTV,2020,57095
Otros,Internet,2020,80662
Otros,CableTV,2020,5665565
Otros,CableTV,2020,90613
Otros,Equipos,2020,932
Otros,Data,2020,51286
Otros,Larga distancia,2020,341193
Otros,Data,2020,487686
Otros,Equipos,2020,1517217
Otros,Linea fija,2020,1740594
Otros,Internet,2020,1773610
Otros,Interconexión,2020,3693846
Otros,CableTV,2020,47258
Otros,CableTV,2020,85984
DirectTV,Otros,2020,5376992
DirectTV,Equipos,2020,91564805
DirectTV,CableTV,2020,311584203
Otros,CableTV,2020,2197576
Otros,Equipos,2020,7418625
Otros,Móvil,2020,8523992
Otros,Internet,2020,2764996
Otros,CableTV,2020,8318009
Otros,Data,2020,18168414
Otros,Internet,2020,154435
Otros,CableTV,2020,1222758
Otros,Data,2020,419789
Otros,Internet,2020,472312
Otros,CableTV,2020,3459437
Otros,Data,2020,3450879
Otros,CableTV,2020,1000
Entel,Linea fija,2020,1173965
Entel,Data,2020,5911379
Entel,Otros,2020,14725290
Entel,Interconexión,2020,82658032
Entel,Internet,2020,127878943
Entel,Equipos,2020,813817649
Entel,Móvil,2020,1754433742
Otros,Data,2020,17700867
Otros,Internet,2020,28050528
Otros,CableTV,2020,256579
Otros,Móvil,2020,5335818
Otros,CableTV,2020,216149
Otros,Equipos,2020,89660
Otros,Móvil,2020,1556930
Otros,CableTV,2020,7932
Otros,CableTV,2020,84000
Otros,Internet,2020,86220
Otros,CableTV,2020,314488
Otros,Internet,2020,2248896
Otros,Otros,2020,11133294
Otros,Data,2020,19019949
Otros,Otros,2020,2341
Otros,Interconexión,2020,7538
Otros,Equipos,2020,9649
Otros,Larga distancia,2020,18619
Otros,Público,2020,56042
Otros,Linea fija,2020,243683
Otros,Internet,2020,10100399
Otros,Móvil,2020,303465
Otros,Linea fija,2020,1028243
Otros,Larga distancia,2020,1446159
Otros,Equipos,2020,2448151
Otros,Data,2020,9169311
Otros,Otros,2020,11972766
Otros,Internet,2020,21146310
Otros,Móvil,2020,1524073
Otros,CableTV,2020,162300
Otros,Internet,2020,151147
Otros,CableTV,2020,3444869
Otros,Otros,2020,186907
Otros,CableTV,2020,4022126
Otros,Otros,2020,4409389
Otros,Equipos,2020,10538554
Otros,Internet,2020,17435516
Otros,Interconexión,2020,12332
Otros,Larga distancia,2020,12429
Otros,Móvil,2020,105060
Otros,Data,2020,10224303
Otros,Otros,2020,16471832
Otros,Linea fija,2020,260449
Otros,CableTV,2020,147050
Otros,Internet,2020,3642558
Otros,Data,2020,23192686
Otros,Otros,2020,65404842
Otros,CableTV,2020,106101
Otros,CableTV,2020,609486
Otros,CableTV,2020,360383
Otros,CableTV,2020,309875
Otros,Internet,2020,236186
Otros,Otros,2020,237089
Otros,CableTV,2020,7017346
Otros,CableTV,2020,172535
Otros,CableTV,2020,84475
Otros,CableTV,2020,255484
Otros,Data,2020,2962368
Otros,Internet,2020,236186
Otros,Data,2020,631012
Otros,CableTV,2020,42680
Otros,CableTV,2020,3591977
Otros,CableTV,2020,67192
Otros,Internet,2020,128834
Otros,CableTV,2020,1636607
Otros,Otros,2020,31176
Otros,Data,2020,277531
Otros,CableTV,2020,555233
Otros,Otros,2020,18823053
Otros,Internet,2020,384
Otros,Equipos,2020,2029
Otros,Equipos,2020,78734
Otros,CableTV,2020,1364743
Otros,Linea fija,2020,2549472
Otros,Larga distancia,2020,7053939
Otros,Equipos,2020,10639275
Otros,Otros,2020,19688739
Otros,Data,2020,25891691
Otros,Internet,2020,79040092
Otros,CableTV,2020,233807
Otros,Internet,2020,3705578
Otros,Otros,2020,600
Otros,CableTV,2020,28910
Otros,CableTV,2020,1017948
Otros,CableTV,2020,1457416
Otros,Público,2020,29574230
Otros,Larga distancia,2020,50480
Otros,CableTV,2020,2004623
Otros,CableTV,2020,12515
Otros,Otros,2020,2256537
Otros,CableTV,2020,3163328
Otros,CableTV,2020,211104
Otros,CableTV,2020,98850
Otros,CableTV,2020,36719
Otros,CableTV,2020,42945
Otros,CableTV,2020,44212
Otros,Otros,2020,752112
Otros,Móvil,2020,8544101
Otros,CableTV,2020,1065144
Otros,CableTV,2020,148205
Otros,CableTV,2020,2413099
Otros,Internet,2020,11864
Otros,CableTV,2020,578457
Movistar,Público,2020,16024653
Movistar,Larga distancia,2020,29781631
Movistar,Otros,2020,129046509
Movistar,Interconexión,2020,156354029
Movistar,Linea fija,2020,240849789
Movistar,Data,2020,509525829
Movistar,Equipos,2020,646561050
Movistar,CableTV,2020,1203231445
Movistar,Internet,2020,1332898805
Movistar,Móvil,2020,2312389261
Otros,CableTV,2020,298905
Otros,CableTV,2020,41734
Otros,CableTV,2020,452517
Otros,CableTV,2020,5413537
Otros,CableTV,2020,294191
Otros,Data,2020,2827243
Otros,Data,2020,68115
Otros,Data,2020,1419606
Bitel,Larga distancia,2020,1012
Bitel,Linea fija,2020,24636
Bitel,Otros,2020,43109975
Bitel,Data,2020,57896167
Bitel,Equipos,2020,60321731
Bitel,Internet,2020,60926201
Bitel,Interconexión,2020,103187036
Bitel,Móvil,2020,916807868
Otros,Otros,2020,2480
Otros,CableTV,2020,2978086
Otros,CableTV,2020,192235
Otros,CableTV,2020,577773
Otros,CableTV,2020,550334
Otros,CableTV,2020,24259
Otros,CableTV,2020,9490
Otros,Linea fija,2020,6657
Otros,Internet,2020,11211893
Otros,Internet,2020,23273
Otros,CableTV,2020,71291
Otros,Público,2020,145193
Otros,Linea fija,2020,402049
Otros,Internet,2020,70952
Otros,Otros,2020,1412
Otros,Linea fija,2020,30797
Otros,Internet,2020,1003665
Otros,Linea fija,2020,63690
Otros,Equipos,2020,282152
Otros,Otros,2020,2049276
Otros,Data,2020,8774787
Otros,CableTV,2021,51543
Otros,CableTV,2021,1329650
Claro,Público,2021,568725
Claro,Larga distancia,2021,2020746
Claro,Data,2021,126215990
Claro,Interconexión,2021,135878492
Claro,Linea fija,2021,139653938
Claro,CableTV,2021,188381094
Claro,Otros,2021,217339602
Claro,Internet,2021,629023113
Claro,Equipos,2021,1712717095
Claro,Móvil,2021,3079294945
Otros,Larga distancia,2021,1866450
Otros,Linea fija,2021,3447745
Otros,Otros,2021,3651526
Otros,Interconexión,2021,8843870
Otros,Data,2021,14843982
Otros,Internet,2021,25262626
Otros,CableTV,2021,94561
Otros,Público,2021,6038
Otros,Equipos,2021,26581
Otros,Interconexión,2021,181180
Otros,Linea fija,2021,1196130
Otros,CableTV,2021,171094
Otros,Internet,2021,230344
Otros,Data,2021,18119881
Otros,Internet,2021,18467918
Otros,Internet,2021,4500734
Otros,Internet,2021,176490
Otros,CableTV,2021,25210229
Otros,Internet,2021,1353840
Otros,Otros,2021,3620473
Otros,Data,2021,4646395
Otros,Equipos,2021,71351
Otros,Data,2021,433274
Otros,CableTV,2021,316624
Otros,Internet,2021,2657130
Otros,CableTV,2021,3040784
Otros,CableTV,2021,61457
Otros,Equipos,2021,7769
Otros,CableTV,2021,584438
Otros,CableTV,2021,1055576
Otros,CableTV,2021,419670
Otros,CableTV,2021,71711
Otros,CableTV,2021,228667
Otros,CableTV,2021,869292
Otros,Internet,2021,2487426
Otros,CableTV,2021,14284209
Otros,CableTV,2021,9115563
Otros,CableTV,2021,379307
Otros,Internet,2021,403689
Otros,CableTV,2021,1763460
Otros,CableTV,2021,382653
Otros,Internet,2021,785420
Otros,CableTV,2021,6437029
Otros,CableTV,2021,67466
Otros,Linea fija,2021,26079100
Otros,Data,2021,30011044
Otros,Otros,2021,72800924
Otros,Larga distancia,2021,74225131
Otros,Internet,2021,78788913
Otros,CableTV,2021,19100
Otros,Internet,2021,538517
Otros,CableTV,2021,214525
Otros,Equipos,2021,815360
Otros,Data,2021,5704754
Otros,Internet,2021,531166
Otros,Internet,2021,96048
Otros,CableTV,2021,5734908
Otros,CableTV,2021,112483
Otros,Equipos,2021,30244
Otros,Data,2021,39381
Otros,Larga distancia,2021,255246
Otros,Equipos,2021,436418
Otros,Data,2021,714776
Otros,Internet,2021,2074718
Otros,Linea fija,2021,2210490
Otros,Interconexión,2021,5215415
Otros,CableTV,2021,48300
Otros,CableTV,2021,97911
Otros,Equipos,2021,1986
Otros,Internet,2021,28314
Otros,Otros,2021,6906911
DirectTV,Otros,2021,14675920
DirectTV,Equipos,2021,100034744
DirectTV,CableTV,2021,333548809
Otros,CableTV,2021,3056990
Otros,Móvil,2021,9846321
Otros,Equipos,2021,13983965
Otros,Internet,2021,5976592
Otros,CableTV,2021,7916429
Otros,Data,2021,17443283
Otros,Internet,2021,657225
Otros,CableTV,2021,1590767
Otros,Data,2021,364223
Otros,Internet,2021,2070551
Otros,CableTV,2021,4918289
Otros,CableTV,2021,15835
Otros,Data,2021,27594116
Otros,CableTV,2021,1000
Entel,Linea fija,2021,1916657
Entel,Data,2021,7335278
Entel,Otros,2021,28180919
Entel,Interconexión,2021,85185516
Entel,Internet,2021,113424703
Entel,Equipos,2021,1666424167
Entel,Móvil,2021,2038114195
Otros,Data,2021,20029902
Otros,Internet,2021,40047347
Otros,Móvil,2021,2569850
Otros,Equipos,2021,34188
Otros,Móvil,2021,806570
Otros,CableTV,2021,7932
Otros,CableTV,2021,104068
Otros,Internet,2021,119970
Otros,CableTV,2021,251040
Otros,Internet,2021,1895055
Otros,Otros,2021,3029923
Otros,Data,2021,8856224
Otros,Interconexión,2021,2288
Otros,Público,2021,19438
Otros,Equipos,2021,88335
Otros,Linea fija,2021,98302
Otros,Otros,2021,180244
Otros,Internet,2021,208116
Otros,Data,2021,3898023
Otros,Linea fija,2021,1015693
Otros,Larga distancia,2021,1109084
Otros,Equipos,2021,5289433
Otros,Otros,2021,14883542
Otros,Data,2021,17805119
Otros,Internet,2021,22990639
Otros,Interconexión,2021,187158
Otros,Móvil,2021,4573185
Otros,Internet,2021,231287
Otros,CableTV,2021,3430495
Otros,Otros,2021,396239
Otros,CableTV,2021,4436431
Otros,Otros,2021,5343889
Otros,Equipos,2021,26268740
Otros,Internet,2021,43658112
Otros,Data,2021,13629866
Otros,Otros,2021,20911001
Otros,Linea fija,2021,315970
Otros,Linea fija,2021,43894
Otros,Equipos,2021,109006
Otros,Otros,2021,6851760
Otros,Linea fija,2021,14346
Otros,Otros,2021,2166214
Otros,Internet,2021,3910729
Otros,Data,2021,32625519
Otros,Otros,2021,37222519
Otros,CableTV,2021,519715
Otros,CableTV,2021,618326
Otros,CableTV,2021,393209
Otros,Internet,2021,2853955
Otros,CableTV,2021,5412958
Otros,CableTV,2021,303247
Otros,Otros,2021,121810
Otros,Internet,2021,475802
Otros,CableTV,2021,7813672
Otros,CableTV,2021,89830
Otros,CableTV,2021,340682
Otros,Data,2021,3313659
Otros,CableTV,2021,57686
Otros,CableTV,2021,3419969
Otros,CableTV,2021,70431
Otros,Internet,2021,155535
Otros,CableTV,2021,355416
Otros,Otros,2021,186886
Otros,Data,2021,219500
Otros,Internet,2021,17490
Otros,CableTV,2021,712653
Otros,Data,2021,112133
Otros,Equipos,2021,192827
Otros,Internet,2021,1684825
Otros,Otros,2021,4730461
Otros,Linea fija,2021,5412958
Otros,Otros,2021,18418429
Otros,Equipos,2021,49317
Otros,CableTV,2021,1311436
Otros,Linea fija,2021,7968947
Otros,Larga distancia,2021,8084124
Otros,Otros,2021,25162418
Otros,Data,2021,26377606
Otros,Internet,2021,90847786
Otros,CableTV,2021,221854
Otros,Otros,2021,90
Otros,CableTV,2021,29700
Otros,Equipos,2021,921351
Otros,Público,2021,40791001
Otros,CableTV,2021,2076756
Otros,CableTV,2021,11485
Otros,Otros,2021,75823
Otros,CableTV,2021,2673980
Otros,Internet,2021,5005
Otros,CableTV,2021,242280
Otros,CableTV,2021,108000
Otros,CableTV,2021,63636
Otros,CableTV,2021,43051
Otros,CableTV,2021,65626
Otros,Otros,2021,157834
Otros,CableTV,2021,1122813
Otros,CableTV,2021,153845
Otros,CableTV,2021,2400531
Movistar,Público,2021,7279134
Movistar,Larga distancia,2021,30368018
Movistar,Otros,2021,134042855
Movistar,Interconexión,2021,147124900
Movistar,Linea fija,2021,192930595
Movistar,Data,2021,522256770
Movistar,Equipos,2021,938143807
Movistar,CableTV,2021,1216989963
Movistar,Internet,2021,1441410431
Movistar,Móvil,2021,2418669059
Otros,CableTV,2021,220689
Otros,CableTV,2021,123307
Otros,Internet,2021,1829659
Otros,CableTV,2021,3560204
Otros,CableTV,2021,520126
Otros,CableTV,2021,6284049
Otros,CableTV,2021,387554
Otros,Data,2021,93750
Otros,Data,2021,1025043
Bitel,Linea fija,2021,270534
Bitel,Otros,2021,44471321
Bitel,Equipos,2021,65717409
Bitel,Interconexión,2021,77780853
Bitel,Internet,2021,82255124
Bitel,Data,2021,95650989
Bitel,Móvil,2021,1063486581
Otros,CableTV,2021,180080
Otros,CableTV,2021,510421
Otros,CableTV,2021,509604
Otros,CableTV,2021,55880
Otros,Linea fija,2021,4999
Otros,Internet,2021,76719172
Otros,Internet,2021,12109
Otros,CableTV,2021,83283
Otros,Público,2021,145359
Otros,Linea fija,2021,301483
Otros,Internet,2021,70459
Otros,Otros,2021,108774
Otros,Equipos,2021,340826
Otros,Linea fija,2021,540987
Otros,Otros,2021,937340
Otros,Internet,2021,10063460
Otros,Equipos,2021,92144
Otros,Linea fija,2021,94172
Otros,Otros,2021,3909086
Otros,Data,2021,10130272
