Año,Compañia,Tipo de plan,Mes,Numero de lineas
2013,Claro,control,1,10994
2013,Claro,control,2,10685
2013,Claro,control,3,10376
2013,Claro,control,4,10075
2013,Claro,control,5,9788
2013,Claro,control,6,9506
2013,Claro,control,7,9235
2013,Claro,control,8,8880
2013,Claro,control,9,8448
2013,Claro,control,10,8201
2013,Claro,control,11,7917
2013,Claro,control,12,7697
2013,Claro,postpago,1,2732347
2013,Claro,postpago,2,2793495
2013,Claro,postpago,3,2867476
2013,Claro,postpago,4,2942513
2013,Claro,postpago,5,3012616
2013,Claro,postpago,6,3075209
2013,Claro,postpago,7,3155551
2013,Claro,postpago,8,3204358
2013,Claro,postpago,9,3266080
2013,Claro,postpago,10,3318667
2013,Claro,postpago,11,3366647
2013,Claro,postpago,12,3453830
2013,Claro,prepago,1,10234277
2013,Claro,prepago,2,10251683
2013,Claro,prepago,3,10259050
2013,Claro,prepago,4,10222195
2013,Claro,prepago,5,8154258
2013,Claro,prepago,6,8127140
2013,Claro,prepago,7,8166730
2013,Claro,prepago,8,8197939
2013,Claro,prepago,9,8220116
2013,Claro,prepago,10,8237133
2013,Claro,prepago,11,8236454
2013,Claro,prepago,12,8393654
2013,Entel,control,1,728496
2013,Entel,control,2,723776
2013,Entel,control,3,713787
2013,Entel,control,4,705440
2013,Entel,control,5,694234
2013,Entel,control,6,683944
2013,Entel,control,7,673539
2013,Entel,control,8,661820
2013,Entel,control,9,652078
2013,Entel,control,10,644431
2013,Entel,control,11,638433
2013,Entel,control,12,631188
2013,Entel,postpago,1,86753
2013,Entel,postpago,2,83128
2013,Entel,postpago,3,79556
2013,Entel,postpago,4,76630
2013,Entel,postpago,5,73630
2013,Entel,postpago,6,72121
2013,Entel,postpago,7,70517
2013,Entel,postpago,8,68406
2013,Entel,postpago,9,66069
2013,Entel,postpago,10,64142
2013,Entel,postpago,11,61269
2013,Entel,postpago,12,60065
2013,Entel,prepago,1,831244
2013,Entel,prepago,2,851219
2013,Entel,prepago,3,873043
2013,Entel,prepago,4,862167
2013,Entel,prepago,5,854003
2013,Entel,prepago,6,847682
2013,Entel,prepago,7,842980
2013,Entel,prepago,8,836947
2013,Entel,prepago,9,825069
2013,Entel,prepago,10,823989
2013,Entel,prepago,11,825928
2013,Entel,prepago,12,836011
2013,Movistar,control,1,1582820
2013,Movistar,control,2,1648853
2013,Movistar,control,3,1736874
2013,Movistar,control,4,1815289
2013,Movistar,control,5,1918003
2013,Movistar,control,6,2022579
2013,Movistar,control,7,2135756
2013,Movistar,control,8,2245626
2013,Movistar,control,9,2353568
2013,Movistar,control,10,2425042
2013,Movistar,control,11,2485324
2013,Movistar,control,12,2545429
2013,Movistar,postpago,1,1907386
2013,Movistar,postpago,2,1900566
2013,Movistar,postpago,3,1873189
2013,Movistar,postpago,4,1850599
2013,Movistar,postpago,5,1829043
2013,Movistar,postpago,6,1807948
2013,Movistar,postpago,7,1785851
2013,Movistar,postpago,8,1770530
2013,Movistar,postpago,9,1754579
2013,Movistar,postpago,10,1737984
2013,Movistar,postpago,11,1723738
2013,Movistar,postpago,12,1721226
2013,Movistar,prepago,1,11886193
2013,Movistar,prepago,2,11944587
2013,Movistar,prepago,3,11908222
2013,Movistar,prepago,4,12229667
2013,Movistar,prepago,5,12302807
2013,Movistar,prepago,6,12329491
2013,Movistar,prepago,7,12297833
2013,Movistar,prepago,8,12210687
2013,Movistar,prepago,9,12184362
2013,Movistar,prepago,10,12162864
2013,Movistar,prepago,11,12147983
2013,Movistar,prepago,12,12304748
2014,Bitel,control,7,6392
2014,Bitel,control,8,8457
2014,Bitel,control,9,22518
2014,Bitel,control,10,51495
2014,Bitel,control,11,94783
2014,Bitel,control,12,154994
2014,Bitel,postpago,7,152
2014,Bitel,postpago,8,76
2014,Bitel,postpago,9,289
2014,Bitel,postpago,10,268
2014,Bitel,postpago,11,307
2014,Bitel,postpago,12,309
2014,Bitel,prepago,7,12218
2014,Bitel,prepago,8,20104
2014,Bitel,prepago,9,24544
2014,Bitel,prepago,10,85460
2014,Bitel,prepago,11,121481
2014,Bitel,prepago,12,167523
2014,Claro,control,1,7391
2014,Claro,control,2,7243
2014,Claro,control,3,7077
2014,Claro,control,4,6884
2014,Claro,control,5,6722
2014,Claro,control,6,6575
2014,Claro,control,7,6418
2014,Claro,control,8,6225
2014,Claro,control,9,6074
2014,Claro,control,10,5877
2014,Claro,control,11,5718
2014,Claro,control,12,5459
2014,Claro,postpago,1,3498549
2014,Claro,postpago,2,3528410
2014,Claro,postpago,3,3574625
2014,Claro,postpago,4,3602344
2014,Claro,postpago,5,3631451
2014,Claro,postpago,6,3661959
2014,Claro,postpago,7,3716255
2014,Claro,postpago,8,3747834
2014,Claro,postpago,9,3788731
2014,Claro,postpago,10,3826582
2014,Claro,postpago,11,3865634
2014,Claro,postpago,12,3906462
2014,Claro,prepago,1,8437070
2014,Claro,prepago,2,8421798
2014,Claro,prepago,3,8448611
2014,Claro,prepago,4,8394829
2014,Claro,prepago,5,8461623
2014,Claro,prepago,6,8417185
2014,Claro,prepago,7,8497862
2014,Claro,prepago,8,8535767
2014,Claro,prepago,9,8542824
2014,Claro,prepago,10,8535039
2014,Claro,prepago,11,8481694
2014,Claro,prepago,12,8586329
2014,Entel,control,1,583187
2014,Entel,control,2,586732
2014,Entel,control,3,628940
2014,Entel,control,4,554466
2014,Entel,control,5,542602
2014,Entel,control,6,706631
2014,Entel,control,7,672317
2014,Entel,control,8,667220
2014,Entel,control,9,676788
2014,Entel,control,10,760307
2014,Entel,control,11,812396
2014,Entel,control,12,840006
2014,Entel,postpago,1,54911
2014,Entel,postpago,2,55499
2014,Entel,postpago,3,52367
2014,Entel,postpago,4,45440
2014,Entel,postpago,5,42097
2014,Entel,postpago,6,52884
2014,Entel,postpago,7,53179
2014,Entel,postpago,8,53792
2014,Entel,postpago,9,53024
2014,Entel,postpago,10,82593
2014,Entel,postpago,11,82783
2014,Entel,postpago,12,82777
2014,Entel,prepago,1,835258
2014,Entel,prepago,2,794750
2014,Entel,prepago,3,780474
2014,Entel,prepago,4,759660
2014,Entel,prepago,5,733569
2014,Entel,prepago,6,649693
2014,Entel,prepago,7,682829
2014,Entel,prepago,8,635551
2014,Entel,prepago,9,560116
2014,Entel,prepago,10,688992
2014,Entel,prepago,11,723231
2014,Entel,prepago,12,814332
2014,Movistar,control,1,2600687
2014,Movistar,control,2,2640997
2014,Movistar,control,3,2685522
2014,Movistar,control,4,2724272
2014,Movistar,control,5,2778024
2014,Movistar,control,6,2824338
2014,Movistar,control,7,2882617
2014,Movistar,control,8,2948660
2014,Movistar,control,9,3015057
2014,Movistar,control,10,3053741
2014,Movistar,control,11,3086970
2014,Movistar,control,12,3099746
2014,Movistar,postpago,1,1708058
2014,Movistar,postpago,2,1709307
2014,Movistar,postpago,3,1711396
2014,Movistar,postpago,4,1705277
2014,Movistar,postpago,5,1707097
2014,Movistar,postpago,6,1703782
2014,Movistar,postpago,7,1698558
2014,Movistar,postpago,8,1700406
2014,Movistar,postpago,9,1696743
2014,Movistar,postpago,10,1687708
2014,Movistar,postpago,11,1677428
2014,Movistar,postpago,12,1655121
2014,Movistar,prepago,1,12461029
2014,Movistar,prepago,2,12529867
2014,Movistar,prepago,3,12512788
2014,Movistar,prepago,4,12486878
2014,Movistar,prepago,5,12494040
2014,Movistar,prepago,6,12535701
2014,Movistar,prepago,7,12500651
2014,Movistar,prepago,8,12467771
2014,Movistar,prepago,9,12430320
2014,Movistar,prepago,10,12452245
2014,Movistar,prepago,11,12473407
2014,Movistar,prepago,12,12563931
2015,Bitel,control,1,79504
2015,Bitel,control,2,83208
2015,Bitel,control,3,88838
2015,Bitel,control,4,67345
2015,Bitel,control,5,73291
2015,Bitel,control,6,78879
2015,Bitel,control,7,73965
2015,Bitel,control,8,91093
2015,Bitel,control,9,114215
2015,Bitel,control,10,322513
2015,Bitel,control,11,157249
2015,Bitel,control,12,142000
2015,Bitel,postpago,1,149
2015,Bitel,postpago,2,149
2015,Bitel,postpago,3,149
2015,Bitel,postpago,4,93
2015,Bitel,postpago,5,93
2015,Bitel,postpago,6,93
2015,Bitel,postpago,7,82
2015,Bitel,postpago,8,82
2015,Bitel,postpago,9,82
2015,Bitel,postpago,10,533
2015,Bitel,postpago,11,126
2015,Bitel,postpago,12,58
2015,Bitel,prepago,1,182929
2015,Bitel,prepago,2,242187
2015,Bitel,prepago,3,338722
2015,Bitel,prepago,4,312166
2015,Bitel,prepago,5,424595
2015,Bitel,prepago,6,584170
2015,Bitel,prepago,7,613067
2015,Bitel,prepago,8,802086
2015,Bitel,prepago,9,1048471
2015,Bitel,prepago,10,873023
2015,Bitel,prepago,11,1034455
2015,Bitel,prepago,12,1089023
2015,Claro,control,1,5285
2015,Claro,control,2,5156
2015,Claro,control,3,5009
2015,Claro,control,4,4914
2015,Claro,control,5,4815
2015,Claro,control,6,4651
2015,Claro,control,7,4497
2015,Claro,control,8,4110
2015,Claro,control,9,4021
2015,Claro,control,10,4072
2015,Claro,control,11,3778
2015,Claro,control,12,3654
2015,Claro,postpago,1,3897013
2015,Claro,postpago,2,3909416
2015,Claro,postpago,3,3880934
2015,Claro,postpago,4,3872063
2015,Claro,postpago,5,3900006
2015,Claro,postpago,6,3930113
2015,Claro,postpago,7,3935536
2015,Claro,postpago,8,3957575
2015,Claro,postpago,9,3986281
2015,Claro,postpago,10,3986810
2015,Claro,postpago,11,3981371
2015,Claro,postpago,12,4014126
2015,Claro,prepago,1,8559622
2015,Claro,prepago,2,8544858
2015,Claro,prepago,3,8504186
2015,Claro,prepago,4,8443748
2015,Claro,prepago,5,8493882
2015,Claro,prepago,6,8435162
2015,Claro,prepago,7,8399245
2015,Claro,prepago,8,8370206
2015,Claro,prepago,9,8363458
2015,Claro,prepago,10,8247426
2015,Claro,prepago,11,8116672
2015,Claro,prepago,12,8066225
2015,Entel,control,1,864920
2015,Entel,control,2,882413
2015,Entel,control,3,906164
2015,Entel,control,4,933478
2015,Entel,control,5,975268
2015,Entel,control,6,1007198
2015,Entel,control,7,1079890
2015,Entel,control,8,1131247
2015,Entel,control,9,1180132
2015,Entel,control,10,1267297
2015,Entel,control,11,1302624
2015,Entel,control,12,1344162
2015,Entel,postpago,1,78670
2015,Entel,postpago,2,79608
2015,Entel,postpago,3,77928
2015,Entel,postpago,4,76010
2015,Entel,postpago,5,73670
2015,Entel,postpago,6,70901
2015,Entel,postpago,7,72056
2015,Entel,postpago,8,70034
2015,Entel,postpago,9,67262
2015,Entel,postpago,10,42572
2015,Entel,postpago,11,41921
2015,Entel,postpago,12,41677
2015,Entel,prepago,1,882356
2015,Entel,prepago,2,940948
2015,Entel,prepago,3,980279
2015,Entel,prepago,4,950473
2015,Entel,prepago,5,931028
2015,Entel,prepago,6,931175
2015,Entel,prepago,7,993677
2015,Entel,prepago,8,1103313
2015,Entel,prepago,9,1301824
2015,Entel,prepago,10,1218691
2015,Entel,prepago,11,1425476
2015,Entel,prepago,12,1693024
2015,Movistar,control,1,3144500
2015,Movistar,control,2,3180791
2015,Movistar,control,3,3215713
2015,Movistar,control,4,3250248
2015,Movistar,control,5,3386512
2015,Movistar,control,6,3439722
2015,Movistar,control,7,3559420
2015,Movistar,control,8,3650969
2015,Movistar,control,9,3754407
2015,Movistar,control,10,3862285
2015,Movistar,control,11,3951805
2015,Movistar,control,12,4105406
2015,Movistar,postpago,1,1637310
2015,Movistar,postpago,2,1614919
2015,Movistar,postpago,3,1590859
2015,Movistar,postpago,4,1558386
2015,Movistar,postpago,5,1537800
2015,Movistar,postpago,6,1499358
2015,Movistar,postpago,7,1443612
2015,Movistar,postpago,8,1404559
2015,Movistar,postpago,9,1366836
2015,Movistar,postpago,10,1328546
2015,Movistar,postpago,11,1290913
2015,Movistar,postpago,12,1272797
2015,Movistar,prepago,1,12652342
2015,Movistar,prepago,2,12654644
2015,Movistar,prepago,3,12620939
2015,Movistar,prepago,4,12564516
2015,Movistar,prepago,5,12530257
2015,Movistar,prepago,6,12487939
2015,Movistar,prepago,7,12419434
2015,Movistar,prepago,8,12466553
2015,Movistar,prepago,9,12459209
2015,Movistar,prepago,10,12474293
2015,Movistar,prepago,11,12336650
2015,Movistar,prepago,12,12463658
2016,Bitel,control,1,166286
2016,Bitel,control,2,180700
2016,Bitel,control,3,198819
2016,Bitel,control,4,130470
2016,Bitel,control,5,149809
2016,Bitel,control,6,173863
2016,Bitel,control,7,152164
2016,Bitel,control,8,179238
2016,Bitel,control,9,206790
2016,Bitel,control,10,226591
2016,Bitel,control,11,230750
2016,Bitel,control,12,230936
2016,Bitel,postpago,1,37
2016,Bitel,postpago,2,37
2016,Bitel,postpago,3,37
2016,Bitel,postpago,4,31
2016,Bitel,postpago,5,31
2016,Bitel,postpago,6,31
2016,Bitel,postpago,7,24
2016,Bitel,postpago,8,24
2016,Bitel,postpago,9,24
2016,Bitel,postpago,10,18
2016,Bitel,postpago,11,17
2016,Bitel,postpago,12,19
2016,Bitel,prepago,1,1061128
2016,Bitel,prepago,2,1293872
2016,Bitel,prepago,3,1564697
2016,Bitel,prepago,4,1724749
2016,Bitel,prepago,5,2018880
2016,Bitel,prepago,6,2315399
2016,Bitel,prepago,7,1987542
2016,Bitel,prepago,8,2326687
2016,Bitel,prepago,9,2642880
2016,Bitel,prepago,10,2978191
2016,Bitel,prepago,11,3194832
2016,Bitel,prepago,12,3483877
2016,Claro,control,1,3498
2016,Claro,control,2,3355
2016,Claro,control,3,3258
2016,Claro,control,4,3152
2016,Claro,control,5,3034
2016,Claro,control,6,2897
2016,Claro,control,7,2794
2016,Claro,control,8,2672
2016,Claro,control,9,2572
2016,Claro,control,10,2454
2016,Claro,control,11,2361
2016,Claro,control,12,2273
2016,Claro,postpago,1,4032667
2016,Claro,postpago,2,4063702
2016,Claro,postpago,3,4104063
2016,Claro,postpago,4,4277828
2016,Claro,postpago,5,4305871
2016,Claro,postpago,6,4284439
2016,Claro,postpago,7,4289248
2016,Claro,postpago,8,4286471
2016,Claro,postpago,9,4287484
2016,Claro,postpago,10,4296975
2016,Claro,postpago,11,4308902
2016,Claro,postpago,12,4334589
2016,Claro,prepago,1,7969925
2016,Claro,prepago,2,7979446
2016,Claro,prepago,3,7962906
2016,Claro,prepago,4,7991012
2016,Claro,prepago,5,7895750
2016,Claro,prepago,6,7824043
2016,Claro,prepago,7,7919831
2016,Claro,prepago,8,7923303
2016,Claro,prepago,9,7935526
2016,Claro,prepago,10,7842232
2016,Claro,prepago,11,7843004
2016,Claro,prepago,12,7975896
2016,Entel,control,1,1355528
2016,Entel,control,2,1371474
2016,Entel,control,3,1391417
2016,Entel,control,4,1436494
2016,Entel,control,5,1483774
2016,Entel,control,6,1513676
2016,Entel,control,7,1558235
2016,Entel,control,8,1608460
2016,Entel,control,9,1657132
2016,Entel,control,10,1710596
2016,Entel,control,11,1745636
2016,Entel,control,12,1814277
2016,Entel,postpago,1,42678
2016,Entel,postpago,2,43078
2016,Entel,postpago,3,43642
2016,Entel,postpago,4,43675
2016,Entel,postpago,5,44651
2016,Entel,postpago,6,44378
2016,Entel,postpago,7,44196
2016,Entel,postpago,8,44221
2016,Entel,postpago,9,44422
2016,Entel,postpago,10,44615
2016,Entel,postpago,11,44858
2016,Entel,postpago,12,47118
2016,Entel,prepago,1,1974482
2016,Entel,prepago,2,2103075
2016,Entel,prepago,3,2257920
2016,Entel,prepago,4,2451567
2016,Entel,prepago,5,2630762
2016,Entel,prepago,6,2801773
2016,Entel,prepago,7,2935238
2016,Entel,prepago,8,2901952
2016,Entel,prepago,9,2899215
2016,Entel,prepago,10,2902542
2016,Entel,prepago,11,2909076
2016,Entel,prepago,12,2985276
2016,Movistar,control,1,4135549
2016,Movistar,control,2,4296854
2016,Movistar,control,3,4316353
2016,Movistar,control,4,4399992
2016,Movistar,control,5,4406336
2016,Movistar,control,6,4278384
2016,Movistar,control,7,4211152
2016,Movistar,control,8,4103514
2016,Movistar,control,9,4010848
2016,Movistar,control,10,4001195
2016,Movistar,control,11,3992047
2016,Movistar,control,12,4036886
2016,Movistar,postpago,1,1221636
2016,Movistar,postpago,2,1182041
2016,Movistar,postpago,3,1159403
2016,Movistar,postpago,4,1187551
2016,Movistar,postpago,5,1186677
2016,Movistar,postpago,6,1200280
2016,Movistar,postpago,7,1218188
2016,Movistar,postpago,8,1256547
2016,Movistar,postpago,9,1294722
2016,Movistar,postpago,10,1306619
2016,Movistar,postpago,11,1300659
2016,Movistar,postpago,12,1295436
2016,Movistar,prepago,1,12419537
2016,Movistar,prepago,2,12228074
2016,Movistar,prepago,3,12205065
2016,Movistar,prepago,4,12088764
2016,Movistar,prepago,5,12082013
2016,Movistar,prepago,6,12039724
2016,Movistar,prepago,7,11922557
2016,Movistar,prepago,8,11920387
2016,Movistar,prepago,9,11781011
2016,Movistar,prepago,10,11639662
2016,Movistar,prepago,11,11447096
2016,Movistar,prepago,12,11454831
2016,Otros,prepago,7,2982
2016,Otros,prepago,8,11871
2016,Otros,prepago,9,21779
2016,Otros,prepago,10,32614
2016,Otros,prepago,11,42331
2016,Otros,prepago,12,58283
2017,Bitel,control,1,259098
2017,Bitel,control,2,248713
2017,Bitel,control,3,259628
2017,Bitel,control,4,267569
2017,Bitel,control,5,280271
2017,Bitel,control,6,315555
2017,Bitel,control,7,368846
2017,Bitel,control,8,407260
2017,Bitel,control,9,426883
2017,Bitel,control,10,492960
2017,Bitel,control,11,529222
2017,Bitel,control,12,580795
2017,Bitel,postpago,1,19
2017,Bitel,postpago,2,15
2017,Bitel,postpago,3,15
2017,Bitel,postpago,4,14
2017,Bitel,postpago,5,11
2017,Bitel,postpago,6,11
2017,Bitel,postpago,7,11
2017,Bitel,postpago,8,11
2017,Bitel,postpago,9,10
2017,Bitel,postpago,10,9
2017,Bitel,postpago,11,9
2017,Bitel,postpago,12,9
2017,Bitel,prepago,1,3534346
2017,Bitel,prepago,2,3668561
2017,Bitel,prepago,3,3765383
2017,Bitel,prepago,4,3881875
2017,Bitel,prepago,5,3985054
2017,Bitel,prepago,6,4036104
2017,Bitel,prepago,7,4096693
2017,Bitel,prepago,8,4179541
2017,Bitel,prepago,9,4181531
2017,Bitel,prepago,10,4291102
2017,Bitel,prepago,11,4386787
2017,Bitel,prepago,12,4504076
2017,Claro,control,1,2165
2017,Claro,control,2,2072
2017,Claro,control,3,1992
2017,Claro,control,4,1898
2017,Claro,control,5,1804
2017,Claro,control,6,1387
2017,Claro,control,7,1343
2017,Claro,control,8,1229
2017,Claro,control,9,1178
2017,Claro,control,10,1137
2017,Claro,control,11,1098
2017,Claro,control,12,1065
2017,Claro,postpago,1,4302201
2017,Claro,postpago,2,4300298
2017,Claro,postpago,3,4305323
2017,Claro,postpago,4,4289816
2017,Claro,postpago,5,4295754
2017,Claro,postpago,6,4282863
2017,Claro,postpago,7,4294470
2017,Claro,postpago,8,4300518
2017,Claro,postpago,9,4303891
2017,Claro,postpago,10,4306119
2017,Claro,postpago,11,4290091
2017,Claro,postpago,12,4324071
2017,Claro,prepago,1,7946087
2017,Claro,prepago,2,7941488
2017,Claro,prepago,3,7897769
2017,Claro,prepago,4,7855178
2017,Claro,prepago,5,7967306
2017,Claro,prepago,6,8009246
2017,Claro,prepago,7,8089487
2017,Claro,prepago,8,8140911
2017,Claro,prepago,9,8157831
2017,Claro,prepago,10,8160512
2017,Claro,prepago,11,8089591
2017,Claro,prepago,12,8181415
2017,Entel,control,1,1863211
2017,Entel,control,2,1868797
2017,Entel,control,3,1912110
2017,Entel,control,4,1921326
2017,Entel,control,5,1968994
2017,Entel,control,6,1986312
2017,Entel,control,7,2028681
2017,Entel,control,8,2094860
2017,Entel,control,9,2133975
2017,Entel,control,10,2155589
2017,Entel,control,11,2176238
2017,Entel,control,12,2192753
2017,Entel,postpago,1,48228
2017,Entel,postpago,2,49562
2017,Entel,postpago,3,50032
2017,Entel,postpago,4,51552
2017,Entel,postpago,5,52353
2017,Entel,postpago,6,52191
2017,Entel,postpago,7,53991
2017,Entel,postpago,8,54471
2017,Entel,postpago,9,54950
2017,Entel,postpago,10,54972
2017,Entel,postpago,11,56160
2017,Entel,postpago,12,58894
2017,Entel,prepago,1,3002225
2017,Entel,prepago,2,3075770
2017,Entel,prepago,3,3091928
2017,Entel,prepago,4,3400532
2017,Entel,prepago,5,3522558
2017,Entel,prepago,6,3711504
2017,Entel,prepago,7,3687556
2017,Entel,prepago,8,3721782
2017,Entel,prepago,9,3741322
2017,Entel,prepago,10,3958185
2017,Entel,prepago,11,4024835
2017,Entel,prepago,12,4120282
2017,Movistar,control,1,3958048
2017,Movistar,control,2,3894549
2017,Movistar,control,3,3857916
2017,Movistar,control,4,3791582
2017,Movistar,control,5,3626993
2017,Movistar,control,6,3517824
2017,Movistar,control,7,3462102
2017,Movistar,control,8,3385228
2017,Movistar,control,9,3348902
2017,Movistar,control,10,3317227
2017,Movistar,control,11,3293126
2017,Movistar,control,12,3247841
2017,Movistar,postpago,1,1280962
2017,Movistar,postpago,2,1257884
2017,Movistar,postpago,3,1251015
2017,Movistar,postpago,4,1235092
2017,Movistar,postpago,5,1211956
2017,Movistar,postpago,6,1200185
2017,Movistar,postpago,7,1191174
2017,Movistar,postpago,8,1168132
2017,Movistar,postpago,9,1153885
2017,Movistar,postpago,10,1130385
2017,Movistar,postpago,11,1115209
2017,Movistar,postpago,12,1104212
2017,Movistar,prepago,1,11307806
2017,Movistar,prepago,2,11135474
2017,Movistar,prepago,3,10968064
2017,Movistar,prepago,4,10824763
2017,Movistar,prepago,5,10872198
2017,Movistar,prepago,6,10742027
2017,Movistar,prepago,7,10584269
2017,Movistar,prepago,8,10576358
2017,Movistar,prepago,9,10519229
2017,Movistar,prepago,10,10486655
2017,Movistar,prepago,11,10471975
2017,Movistar,prepago,12,10513457
2017,Otros,prepago,1,68295
2017,Otros,prepago,2,76987
2017,Otros,prepago,3,85434
2017,Otros,prepago,4,89452
2017,Otros,prepago,5,89457
2017,Otros,prepago,6,89139
2017,Otros,prepago,7,88387
2017,Otros,prepago,8,87795
2017,Otros,prepago,9,86811
2017,Otros,prepago,10,87286
2017,Otros,prepago,11,87581
2017,Otros,prepago,12,86516
2018,Bitel,control,1,631801
2018,Bitel,control,2,674733
2018,Bitel,control,3,751831
2018,Bitel,control,4,846898
2018,Bitel,control,5,938583
2018,Bitel,control,6,1026894
2018,Bitel,control,7,1351314
2018,Bitel,control,8,1418744
2018,Bitel,control,9,1476382
2018,Bitel,control,10,1551848
2018,Bitel,control,11,1603417
2018,Bitel,control,12,1645175
2018,Bitel,postpago,1,8
2018,Bitel,postpago,2,8
2018,Bitel,postpago,3,7
2018,Bitel,postpago,4,7
2018,Bitel,postpago,5,6
2018,Bitel,postpago,6,6
2018,Bitel,postpago,7,6
2018,Bitel,postpago,8,7
2018,Bitel,postpago,9,7
2018,Bitel,postpago,10,8
2018,Bitel,postpago,11,8
2018,Bitel,postpago,12,8
2018,Bitel,prepago,1,4178119
2018,Bitel,prepago,2,4497153
2018,Bitel,prepago,3,4776533
2018,Bitel,prepago,4,4301692
2018,Bitel,prepago,5,4082762
2018,Bitel,prepago,6,4097556
2018,Bitel,prepago,7,3684014
2018,Bitel,prepago,8,3615410
2018,Bitel,prepago,9,3876936
2018,Bitel,prepago,10,4253352
2018,Bitel,prepago,11,4519861
2018,Bitel,prepago,12,4810430
2018,Claro,control,1,1024
2018,Claro,control,2,988
2018,Claro,control,3,952
2018,Claro,control,4,908
2018,Claro,control,5,839
2018,Claro,control,6,786
2018,Claro,control,7,3516236
2018,Claro,control,8,3572869
2018,Claro,control,9,3603974
2018,Claro,control,10,3605900
2018,Claro,control,11,3618274
2018,Claro,control,12,3614026
2018,Claro,postpago,1,4317834
2018,Claro,postpago,2,4326490
2018,Claro,postpago,3,4354021
2018,Claro,postpago,4,4367197
2018,Claro,postpago,5,4392766
2018,Claro,postpago,6,4394464
2018,Claro,postpago,7,865169
2018,Claro,postpago,8,822324
2018,Claro,postpago,9,763594
2018,Claro,postpago,10,747222
2018,Claro,postpago,11,692855
2018,Claro,postpago,12,659463
2018,Claro,prepago,1,8261697
2018,Claro,prepago,2,8244721
2018,Claro,prepago,3,8264234
2018,Claro,prepago,4,8310023
2018,Claro,prepago,5,8366716
2018,Claro,prepago,6,8390118
2018,Claro,prepago,7,8457970
2018,Claro,prepago,8,8486677
2018,Claro,prepago,9,8466753
2018,Claro,prepago,10,8349005
2018,Claro,prepago,11,8161644
2018,Claro,prepago,12,7935984
2018,Entel,control,1,2191593
2018,Entel,control,2,2201779
2018,Entel,control,3,2221780
2018,Entel,control,4,2255744
2018,Entel,control,5,2296352
2018,Entel,control,6,2336932
2018,Entel,control,7,2362605
2018,Entel,control,8,2402477
2018,Entel,control,9,2449210
2018,Entel,control,10,2503306
2018,Entel,control,11,2534687
2018,Entel,control,12,2578101
2018,Entel,postpago,1,59126
2018,Entel,postpago,2,60104
2018,Entel,postpago,3,61717
2018,Entel,postpago,4,62201
2018,Entel,postpago,5,62706
2018,Entel,postpago,6,63557
2018,Entel,postpago,7,64254
2018,Entel,postpago,8,66726
2018,Entel,postpago,9,69680
2018,Entel,postpago,10,75644
2018,Entel,postpago,11,80944
2018,Entel,postpago,12,85339
2018,Entel,prepago,1,4182587
2018,Entel,prepago,2,4288709
2018,Entel,prepago,3,4530644
2018,Entel,prepago,4,4604244
2018,Entel,prepago,5,4687830
2018,Entel,prepago,6,4726881
2018,Entel,prepago,7,4865291
2018,Entel,prepago,8,4931795
2018,Entel,prepago,9,4918710
2018,Entel,prepago,10,4971686
2018,Entel,prepago,11,5038087
2018,Entel,prepago,12,5143605
2018,Movistar,control,1,3325318
2018,Movistar,control,2,3336934
2018,Movistar,control,3,3377989
2018,Movistar,control,4,3455364
2018,Movistar,control,5,3502073
2018,Movistar,control,6,3508899
2018,Movistar,control,7,3507354
2018,Movistar,control,8,3524896
2018,Movistar,control,9,3521056
2018,Movistar,control,10,3557056
2018,Movistar,control,11,3691721
2018,Movistar,control,12,3650022
2018,Movistar,postpago,1,1094861
2018,Movistar,postpago,2,1080193
2018,Movistar,postpago,3,1061882
2018,Movistar,postpago,4,1051186
2018,Movistar,postpago,5,1039469
2018,Movistar,postpago,6,1038963
2018,Movistar,postpago,7,1049408
2018,Movistar,postpago,8,1034439
2018,Movistar,postpago,9,1024054
2018,Movistar,postpago,10,1012662
2018,Movistar,postpago,11,987344
2018,Movistar,postpago,12,961006
2018,Movistar,prepago,1,10462374
2018,Movistar,prepago,2,10511745
2018,Movistar,prepago,3,10671110
2018,Movistar,prepago,4,10782773
2018,Movistar,prepago,5,11442455
2018,Movistar,prepago,6,11005115
2018,Movistar,prepago,7,11037375
2018,Movistar,prepago,8,10970511
2018,Movistar,prepago,9,10848517
2018,Movistar,prepago,10,11000602
2018,Movistar,prepago,11,11026006
2018,Movistar,prepago,12,11063271
2018,Otros,prepago,1,86035
2018,Otros,prepago,2,85666
2018,Otros,prepago,3,85369
2018,Otros,prepago,4,85037
2018,Otros,prepago,5,84728
2018,Otros,prepago,6,46665
2018,Otros,prepago,7,46171
2018,Otros,prepago,8,6454
2018,Otros,prepago,9,6596
2018,Otros,prepago,10,6910
2018,Otros,prepago,11,7454
2018,Otros,prepago,12,8341
2019,Bitel,control,1,1687759
2019,Bitel,control,2,1706460
2019,Bitel,control,3,1734795
2019,Bitel,control,4,1783378
2019,Bitel,control,5,1789286
2019,Bitel,control,6,1788622
2019,Bitel,control,7,1797356
2019,Bitel,control,8,1807680
2019,Bitel,control,9,1824812
2019,Bitel,control,10,1775897
2019,Bitel,control,11,1774886
2019,Bitel,control,12,1775813
2019,Bitel,postpago,1,7
2019,Bitel,postpago,2,7
2019,Bitel,postpago,3,7
2019,Bitel,postpago,4,7
2019,Bitel,postpago,5,6
2019,Bitel,postpago,6,6
2019,Bitel,postpago,7,6
2019,Bitel,postpago,8,6
2019,Bitel,postpago,9,6
2019,Bitel,postpago,10,6
2019,Bitel,postpago,11,6
2019,Bitel,postpago,12,6
2019,Bitel,prepago,1,5093556
2019,Bitel,prepago,2,5286629
2019,Bitel,prepago,3,4997845
2019,Bitel,prepago,4,5063958
2019,Bitel,prepago,5,5094043
2019,Bitel,prepago,6,5067304
2019,Bitel,prepago,7,5037791
2019,Bitel,prepago,8,5029952
2019,Bitel,prepago,9,4979144
2019,Bitel,prepago,10,4943239
2019,Bitel,prepago,11,4921400
2019,Bitel,prepago,12,4903979
2019,Claro,control,1,3659468
2019,Claro,control,2,3690190
2019,Claro,control,3,3722488
2019,Claro,control,4,3770369
2019,Claro,control,5,3822269
2019,Claro,control,6,3852234
2019,Claro,control,7,3862782
2019,Claro,control,8,3896708
2019,Claro,control,9,3890674
2019,Claro,control,10,3926038
2019,Claro,control,11,3955707
2019,Claro,control,12,3957790
2019,Claro,postpago,1,611909
2019,Claro,postpago,2,573860
2019,Claro,postpago,3,538218
2019,Claro,postpago,4,509948
2019,Claro,postpago,5,472228
2019,Claro,postpago,6,454240
2019,Claro,postpago,7,437079
2019,Claro,postpago,8,408470
2019,Claro,postpago,9,416898
2019,Claro,postpago,10,407276
2019,Claro,postpago,11,403655
2019,Claro,postpago,12,406655
2019,Claro,prepago,1,7954372
2019,Claro,prepago,2,7839918
2019,Claro,prepago,3,7675327
2019,Claro,prepago,4,7521168
2019,Claro,prepago,5,7554043
2019,Claro,prepago,6,7551019
2019,Claro,prepago,7,7593077
2019,Claro,prepago,8,7516098
2019,Claro,prepago,9,7447263
2019,Claro,prepago,10,7417676
2019,Claro,prepago,11,7360039
2019,Claro,prepago,12,7392870
2019,Entel,control,1,2584859
2019,Entel,control,2,2602087
2019,Entel,control,3,2615894
2019,Entel,control,4,2616803
2019,Entel,control,5,2636959
2019,Entel,control,6,2670214
2019,Entel,control,7,2688097
2019,Entel,control,8,2716301
2019,Entel,control,9,2762482
2019,Entel,control,10,2801230
2019,Entel,control,11,2811413
2019,Entel,control,12,2780924
2019,Entel,postpago,1,88553
2019,Entel,postpago,2,91576
2019,Entel,postpago,3,91183
2019,Entel,postpago,4,89781
2019,Entel,postpago,5,89470
2019,Entel,postpago,6,89131
2019,Entel,postpago,7,88493
2019,Entel,postpago,8,87647
2019,Entel,postpago,9,87061
2019,Entel,postpago,10,87453
2019,Entel,postpago,11,87519
2019,Entel,postpago,12,94237
2019,Entel,prepago,1,5216829
2019,Entel,prepago,2,5224360
2019,Entel,prepago,3,5253588
2019,Entel,prepago,4,5144734
2019,Entel,prepago,5,5132721
2019,Entel,prepago,6,5093610
2019,Entel,prepago,7,5036015
2019,Entel,prepago,8,4966553
2019,Entel,prepago,9,5011304
2019,Entel,prepago,10,5050052
2019,Entel,prepago,11,5074644
2019,Entel,prepago,12,5190582
2019,Movistar,control,1,3729760
2019,Movistar,control,2,3783448
2019,Movistar,control,3,3853210
2019,Movistar,control,4,3922667
2019,Movistar,control,5,3963763
2019,Movistar,control,6,4013812
2019,Movistar,control,7,4097785
2019,Movistar,control,8,4137608
2019,Movistar,control,9,4091112
2019,Movistar,control,10,4111091
2019,Movistar,control,11,4160833
2019,Movistar,control,12,4078747
2019,Movistar,postpago,1,939108
2019,Movistar,postpago,2,920947
2019,Movistar,postpago,3,905304
2019,Movistar,postpago,4,875096
2019,Movistar,postpago,5,845761
2019,Movistar,postpago,6,829285
2019,Movistar,postpago,7,811583
2019,Movistar,postpago,8,788010
2019,Movistar,postpago,9,761438
2019,Movistar,postpago,10,734178
2019,Movistar,postpago,11,718817
2019,Movistar,postpago,12,699372
2019,Movistar,prepago,1,11227812
2019,Movistar,prepago,2,11166031
2019,Movistar,prepago,3,11274643
2019,Movistar,prepago,4,11236572
2019,Movistar,prepago,5,11044006
2019,Movistar,prepago,6,10754921
2019,Movistar,prepago,7,10502124
2019,Movistar,prepago,8,9972205
2019,Movistar,prepago,9,9596442
2019,Movistar,prepago,10,9224781
2019,Movistar,prepago,11,8869867
2019,Movistar,prepago,12,8545256
2019,Otros,prepago,1,9150
2019,Otros,prepago,2,11084
2019,Otros,prepago,3,12596
2019,Otros,prepago,4,13084
2019,Otros,prepago,5,13291
2019,Otros,prepago,6,13508
2019,Otros,prepago,7,14959
2019,Otros,prepago,8,15547
2019,Otros,prepago,9,17130
2019,Otros,prepago,10,19362
2019,Otros,prepago,11,16051
2019,Otros,prepago,12,18382
2020,Bitel,control,1,1815650
2020,Bitel,control,2,1821723
2020,Bitel,control,3,1818642
2020,Bitel,control,4,1827877
2020,Bitel,control,5,1829102
2020,Bitel,control,6,1884012
2020,Bitel,control,7,1973343
2020,Bitel,control,8,2043757
2020,Bitel,control,9,2017793
2020,Bitel,control,10,2031827
2020,Bitel,control,11,2038254
2020,Bitel,control,12,2090893
2020,Bitel,postpago,1,6
2020,Bitel,postpago,2,6
2020,Bitel,postpago,3,5
2020,Bitel,postpago,4,5
2020,Bitel,postpago,5,5
2020,Bitel,postpago,6,5
2020,Bitel,postpago,7,5
2020,Bitel,postpago,8,5
2020,Bitel,postpago,9,5
2020,Bitel,postpago,10,5
2020,Bitel,postpago,11,5
2020,Bitel,postpago,12,5
2020,Bitel,prepago,1,4907481
2020,Bitel,prepago,2,4909964
2020,Bitel,prepago,3,4909501
2020,Bitel,prepago,4,4910146
2020,Bitel,prepago,5,4910272
2020,Bitel,prepago,6,4940944
2020,Bitel,prepago,7,5245189
2020,Bitel,prepago,8,4454875
2020,Bitel,prepago,9,4626984
2020,Bitel,prepago,10,4647186
2020,Bitel,prepago,11,4702579
2020,Bitel,prepago,12,4986241
2020,Claro,control,1,3991032
2020,Claro,control,2,4035174
2020,Claro,control,3,4090213
2020,Claro,control,4,4129287
2020,Claro,control,5,4126580
2020,Claro,control,6,4145845
2020,Claro,control,7,4077049
2020,Claro,control,8,4072734
2020,Claro,control,9,4128720
2020,Claro,control,10,4185511
2020,Claro,control,11,4108095
2020,Claro,control,12,4092928
2020,Claro,postpago,1,420314
2020,Claro,postpago,2,398806
2020,Claro,postpago,3,407205
2020,Claro,postpago,4,371902
2020,Claro,postpago,5,394662
2020,Claro,postpago,6,397189
2020,Claro,postpago,7,383253
2020,Claro,postpago,8,390247
2020,Claro,postpago,9,402869
2020,Claro,postpago,10,404720
2020,Claro,postpago,11,405834
2020,Claro,postpago,12,422385
2020,Claro,prepago,1,7417314
2020,Claro,prepago,2,7429655
2020,Claro,prepago,3,7235765
2020,Claro,prepago,4,6837909
2020,Claro,prepago,5,6521754
2020,Claro,prepago,6,6249321
2020,Claro,prepago,7,6384144
2020,Claro,prepago,8,6412180
2020,Claro,prepago,9,6481684
2020,Claro,prepago,10,6543009
2020,Claro,prepago,11,6587370
2020,Claro,prepago,12,6653242
2020,Entel,control,1,2943615
2020,Entel,control,2,2960703
2020,Entel,control,3,2959987
2020,Entel,control,4,2949829
2020,Entel,control,5,3021185
2020,Entel,control,6,3117088
2020,Entel,control,7,3258185
2020,Entel,control,8,3217196
2020,Entel,control,9,3279755
2020,Entel,control,10,3336129
2020,Entel,control,11,3462693
2020,Entel,control,12,3467062
2020,Entel,postpago,1,93636
2020,Entel,postpago,2,90367
2020,Entel,postpago,3,89174
2020,Entel,postpago,4,86627
2020,Entel,postpago,5,87232
2020,Entel,postpago,6,91176
2020,Entel,postpago,7,92755
2020,Entel,postpago,8,96070
2020,Entel,postpago,9,100812
2020,Entel,postpago,10,102997
2020,Entel,postpago,11,129154
2020,Entel,postpago,12,228276
2020,Entel,prepago,1,5239932
2020,Entel,prepago,2,5254709
2020,Entel,prepago,3,5162641
2020,Entel,prepago,4,4978235
2020,Entel,prepago,5,4822455
2020,Entel,prepago,6,4775469
2020,Entel,prepago,7,4838519
2020,Entel,prepago,8,4909408
2020,Entel,prepago,9,4993837
2020,Entel,prepago,10,5108775
2020,Entel,prepago,11,5175037
2020,Entel,prepago,12,5171728
2020,Movistar,control,1,4021309
2020,Movistar,control,2,3897061
2020,Movistar,control,3,3849042
2020,Movistar,control,4,3874721
2020,Movistar,control,5,3890233
2020,Movistar,control,6,3896378
2020,Movistar,control,7,3656633
2020,Movistar,control,8,3717917
2020,Movistar,control,9,3734963
2020,Movistar,control,10,3787671
2020,Movistar,control,11,3865209
2020,Movistar,control,12,3954434
2020,Movistar,postpago,1,682323
2020,Movistar,postpago,2,661519
2020,Movistar,postpago,3,641668
2020,Movistar,postpago,4,628086
2020,Movistar,postpago,5,621013
2020,Movistar,postpago,6,623729
2020,Movistar,postpago,7,607786
2020,Movistar,postpago,8,600856
2020,Movistar,postpago,9,594893
2020,Movistar,postpago,10,586894
2020,Movistar,postpago,11,578806
2020,Movistar,postpago,12,566270
2020,Movistar,prepago,1,8296362
2020,Movistar,prepago,2,8169941
2020,Movistar,prepago,3,7941690
2020,Movistar,prepago,4,7563039
2020,Movistar,prepago,5,7210839
2020,Movistar,prepago,6,6931715
2020,Movistar,prepago,7,6944899
2020,Movistar,prepago,8,6877929
2020,Movistar,prepago,9,6775648
2020,Movistar,prepago,10,6957776
2020,Movistar,prepago,11,7262894
2020,Movistar,prepago,12,7576974
2020,Otros,prepago,1,19515
2020,Otros,prepago,2,21175
2020,Otros,prepago,3,21606
2020,Otros,prepago,4,21805
2020,Otros,prepago,5,20592
2020,Otros,prepago,6,21924
2020,Otros,prepago,7,40430
2020,Otros,prepago,8,79185
2020,Otros,prepago,9,111943
2020,Otros,prepago,10,131003
2020,Otros,prepago,11,142336
2020,Otros,prepago,12,147945
2021,Bitel,control,1,2125759
2021,Bitel,control,2,2118837
2021,Bitel,control,3,2162265
2021,Bitel,control,4,2224561
2021,Bitel,control,5,2304374
2021,Bitel,control,6,2338849
2021,Bitel,control,7,2389644
2021,Bitel,control,8,2450480
2021,Bitel,control,9,2550635
2021,Bitel,control,10,2595874
2021,Bitel,control,11,2629591
2021,Bitel,control,12,2651424
2021,Bitel,postpago,1,5
2021,Bitel,postpago,2,5
2021,Bitel,postpago,3,5
2021,Bitel,postpago,4,5
2021,Bitel,postpago,5,5
2021,Bitel,postpago,6,5
2021,Bitel,postpago,7,5
2021,Bitel,postpago,8,4
2021,Bitel,postpago,9,4
2021,Bitel,postpago,10,4
2021,Bitel,postpago,11,4
2021,Bitel,postpago,12,4
2021,Bitel,prepago,1,4946143
2021,Bitel,prepago,2,5042470
2021,Bitel,prepago,3,5147063
2021,Bitel,prepago,4,5154468
2021,Bitel,prepago,5,5267032
2021,Bitel,prepago,6,5071678
2021,Bitel,prepago,7,5146619
2021,Bitel,prepago,8,5235052
2021,Bitel,prepago,9,5287950
2021,Bitel,prepago,10,5297256
2021,Bitel,prepago,11,5697206
2021,Bitel,prepago,12,5670053
2021,Claro,control,1,4150318
2021,Claro,control,2,4187535
2021,Claro,control,3,4256860
2021,Claro,control,4,4361733
2021,Claro,control,5,4417005
2021,Claro,control,6,4453775
2021,Claro,control,7,4518729
2021,Claro,control,8,4577538
2021,Claro,control,9,4639802
2021,Claro,control,10,4723117
2021,Claro,control,11,4798164
2021,Claro,control,12,4848299
2021,Claro,postpago,1,419744
2021,Claro,postpago,2,415175
2021,Claro,postpago,3,423195
2021,Claro,postpago,4,380493
2021,Claro,postpago,5,393025
2021,Claro,postpago,6,411237
2021,Claro,postpago,7,420201
2021,Claro,postpago,8,438440
2021,Claro,postpago,9,468589
2021,Claro,postpago,10,472201
2021,Claro,postpago,11,481395
2021,Claro,postpago,12,490408
2021,Claro,prepago,1,6644219
2021,Claro,prepago,2,6589439
2021,Claro,prepago,3,6670389
2021,Claro,prepago,4,6692878
2021,Claro,prepago,5,6774434
2021,Claro,prepago,6,6749893
2021,Claro,prepago,7,6793079
2021,Claro,prepago,8,6805497
2021,Claro,prepago,9,6788329
2021,Claro,prepago,10,6813953
2021,Claro,prepago,11,6820934
2021,Claro,prepago,12,6889503
2021,Entel,control,1,3399789
2021,Entel,control,2,3367908
2021,Entel,control,3,3395749
2021,Entel,control,4,3432866
2021,Entel,control,5,3473779
2021,Entel,control,6,3510707
2021,Entel,control,7,3832779
2021,Entel,control,8,3869513
2021,Entel,control,9,3894472
2021,Entel,control,10,3930965
2021,Entel,control,11,3954648
2021,Entel,control,12,3980645
2021,Entel,postpago,1,398612
2021,Entel,postpago,2,405042
2021,Entel,postpago,3,404749
2021,Entel,postpago,4,402102
2021,Entel,postpago,5,412278
2021,Entel,postpago,6,412233
2021,Entel,postpago,7,108439
2021,Entel,postpago,8,107011
2021,Entel,postpago,9,106126
2021,Entel,postpago,10,106074
2021,Entel,postpago,11,106035
2021,Entel,postpago,12,105348
2021,Entel,prepago,1,4854043
2021,Entel,prepago,2,4931396
2021,Entel,prepago,3,4941185
2021,Entel,prepago,4,4930672
2021,Entel,prepago,5,4935806
2021,Entel,prepago,6,4892486
2021,Entel,prepago,7,4937210
2021,Entel,prepago,8,5012531
2021,Entel,prepago,9,5061997
2021,Entel,prepago,10,5065327
2021,Entel,prepago,11,5114271
2021,Entel,prepago,12,5091733
2021,Movistar,control,1,4005798
2021,Movistar,control,2,4022515
2021,Movistar,control,3,4095577
2021,Movistar,control,4,4099785
2021,Movistar,control,5,4146678
2021,Movistar,control,6,4171495
2021,Movistar,control,7,4186558
2021,Movistar,control,8,4208407
2021,Movistar,control,9,4197841
2021,Movistar,control,10,4102893
2021,Movistar,control,11,3985452
2021,Movistar,control,12,3892192
2021,Movistar,postpago,1,558285
2021,Movistar,postpago,2,543842
2021,Movistar,postpago,3,527543
2021,Movistar,postpago,4,539165
2021,Movistar,postpago,5,537656
2021,Movistar,postpago,6,533105
2021,Movistar,postpago,7,527791
2021,Movistar,postpago,8,522694
2021,Movistar,postpago,9,527242
2021,Movistar,postpago,10,638303
2021,Movistar,postpago,11,771911
2021,Movistar,postpago,12,911274
2021,Movistar,prepago,1,7792414
2021,Movistar,prepago,2,7811225
2021,Movistar,prepago,3,7984951
2021,Movistar,prepago,4,8089629
2021,Movistar,prepago,5,8106645
2021,Movistar,prepago,6,8106372
2021,Movistar,prepago,7,8122898
2021,Movistar,prepago,8,8167544
2021,Movistar,prepago,9,8254045
2021,Movistar,prepago,10,8299141
2021,Movistar,prepago,11,8351619
2021,Movistar,prepago,12,8416584
2021,Otros,prepago,1,152613
2021,Otros,prepago,2,159450
2021,Otros,prepago,3,164739
2021,Otros,prepago,4,168407
2021,Otros,prepago,5,171644
2021,Otros,prepago,6,175113
2021,Otros,prepago,7,176547
2021,Otros,prepago,8,178539
2021,Otros,prepago,9,180493
2021,Otros,prepago,10,181440
2021,Otros,prepago,11,181640
2021,Otros,prepago,12,181927
2022,Bitel,control,1,2319798
2022,Bitel,control,2,2308988
2022,Bitel,control,3,2319535
2022,Bitel,control,4,2319295
2022,Bitel,control,5,2312163
2022,Bitel,control,6,2305071
2022,Bitel,postpago,1,4
2022,Bitel,postpago,2,4
2022,Bitel,postpago,3,4
2022,Bitel,postpago,4,4
2022,Bitel,postpago,5,3
2022,Bitel,postpago,6,3
2022,Bitel,prepago,1,5591814
2022,Bitel,prepago,2,5510136
2022,Bitel,prepago,3,4970720
2022,Bitel,prepago,4,4896694
2022,Bitel,prepago,5,4809590
2022,Bitel,prepago,6,4722523
2022,Claro,control,1,4895517
2022,Claro,control,2,4897201
2022,Claro,control,3,4952208
2022,Claro,control,4,4995326
2022,Claro,control,5,5059311
2022,Claro,control,6,5106457
2022,Claro,postpago,1,487350
2022,Claro,postpago,2,479497
2022,Claro,postpago,3,474988
2022,Claro,postpago,4,466134
2022,Claro,postpago,5,453575
2022,Claro,postpago,6,444070
2022,Claro,prepago,1,6877306
2022,Claro,prepago,2,6792326
2022,Claro,prepago,3,6719802
2022,Claro,prepago,4,6705340
2022,Claro,prepago,5,6750550
2022,Claro,prepago,6,6702877
2022,Entel,control,1,4008306
2022,Entel,control,2,4024996
2022,Entel,control,3,4074041
2022,Entel,control,4,4102479
2022,Entel,control,5,3784270
2022,Entel,control,6,3783606
2022,Entel,postpago,1,105360
2022,Entel,postpago,2,105106
2022,Entel,postpago,3,105089
2022,Entel,postpago,4,113334
2022,Entel,postpago,5,120002
2022,Entel,postpago,6,125945
2022,Entel,prepago,1,4995596
2022,Entel,prepago,2,5018911
2022,Entel,prepago,3,4996037
2022,Entel,prepago,4,4867433
2022,Entel,prepago,5,4877129
2022,Entel,prepago,6,4935085
2022,Movistar,control,1,3682251
2022,Movistar,control,2,3551740
2022,Movistar,control,3,3443966
2022,Movistar,control,4,3385684
2022,Movistar,control,5,3296374
2022,Movistar,control,6,3281054
2022,Movistar,postpago,1,1010717
2022,Movistar,postpago,2,1090386
2022,Movistar,postpago,3,1176807
2022,Movistar,postpago,4,1238376
2022,Movistar,postpago,5,1323934
2022,Movistar,postpago,6,1397588
2022,Movistar,prepago,1,8439131
2022,Movistar,prepago,2,8403448
2022,Movistar,prepago,3,8346419
2022,Movistar,prepago,4,8285166
2022,Movistar,prepago,5,8255798
2022,Movistar,prepago,6,8118867
2022,Otros,prepago,1,177970
2022,Otros,prepago,2,178156
2022,Otros,prepago,3,176222
2022,Otros,prepago,4,177029
2022,Otros,prepago,5,177565
2022,Otros,prepago,6,178895
